1,1
0
0
0
0
0
0
0
0
0
0
0
3
0
0
0
0
0
1
0
0
0
0
0
0
0
0
0
0
0
0
0
0
0
0
0
0
0
0
0
0
0
0
0
0
0
0
1
0
0
0
0
0
0
0
0
0
0
3
0
0
0
0
0
0
1
0
1
0
0
0
0
0
0
0
0
0
73
0
0
0
0
0
0
0
0
0
0
0
0
0
0
0
0
1,32,32
7
0
0
1
0
0
0
3,3,3,8
0
0
0
0
0
0
77,77,1,77
0
0
0
0
0
0
0
0
0
1
0
1,1,1
0
0
3,3,3,3,3,3,3,3
0
0
0
0
6,6,6
0
0
0
0
0
0
0
0
0
0
0
0
0
0
0
0
0
0
0
0
0
0
0
0
0
0
0
0
6,6
0
0
0
9,9,9,9
0
0
0
0
0
0
62,1,1
0
8
0
0
0
0
0
0
0
0
0
0
0
0
0
0
0
0
1,1
0
0
0
0
0
0
0
0
0
10,10
1
0
0
0
0
0
3,3,1,1,1
0
8
0
0
0
0
1
0
0
0
0
0
0
0
0
1,32,32,1,1,32,1
0
1,33,33,33,1
0
0
32,1
0
0
0
0
0
0
1
0
0
0
0
0
0
0
0
1
0
0
0
0
3
0
0
0
0
0
0
0
0
0
1,1,1,1,1,1,1,1,1,1
1,1
0
1,1,1,1
0
0
0
0
0
0
0
0
1,1,1
1
0
0
0
0
6
0
0
0
3
0
0
1,1
0
0
0
0
1,1,1,1,1
0
0
0
0
0
0
0
0
0
0
0
0
0
0
0
0
0
0
0
0
0
0
32,1,1
0
0
8,3,3
0
0
0
0
0
0
0
0
1,1
0
0
1
0
0
0
0
0
0
0
1
0
0
0
0
0
0
0
0
0
0
0
1
0
0
3
0
0
0
0
0
0
0
0
0
0
3,3,3,3,3
0
0
0
23
0
0
0
0
13,13,13
0
0
0
0
0
3
0
0
0
0
3,3
0
0
0
0
0
0
0
0
0
0
0
0
0
0
0
0
0
0
0
0
0
1,1
0
0
1,1,1
0
0
0
0
0
0
0
0
0
0
0
0
0
0
0
0
0
0
0
0
0
0
0
0
3,3,3
0
1,1,1,1
0
28,28,28,28,28,28,28,28,28,28,28,28,28,28,28,28,28,28,28,28,28,28,28,28,28,28,28,28
0
0
0
47
0
0
0
1
0
1
0
0
0
0
0
0
0
0
0
0
0
0
53,53,53
0
0
0
0
0
0
1,1,1
0
0
0
0
0
0
0
0
0
0
0
0
0
0
0
0
0
0
0
0
0
0
0
0
0
0
0
1,1
0
0
0
0
0
0
0
0
0
0
0
1,1
0
0
9
0
0
0
16,16
0
0
0
0
0
0
0
0
0
38,38
0
0
3
0
0
0
0
0
64
0
0
0
0
0
0
0
0
1,1,9
0
0
0
0
0
0
0
1,1,1
0
0
0
0
1,1,1,1
0
0
3
0
0
1,1
0
0
0
0
9,9
0
0
0
0
0
9,9
0
0
64
0
0
0
0
0
0
0
0
0
0
0
0
0
0
0
0
0
0
1,1,1
0
0
1,1,3
86
0
0
0
0
0
1,32
0
1
0
0
0
0
16
0
0
0
0
0
0
0
3
0
0
0
0
1,1,1
1,1
0
0
0
32,32,1
0
0
0
0
0
0
0
0
0
0
0
0
0
0
0
0
0
11,11
32,32,1,32,32
0
0
0
0
1,1
0
0
0
0
0
0
0
0
0
0
0
0
1,1,1
0
0
0
0
0
0
0
0
0
0
85
0
0
0
0
0
0
3
0
0
0
0
0
0
0
0
0
0
0
0
0
0
0
0
0
0
0
0
0
18
0
0
1
0
0
0
0
0
0
0
0
0
1
0
0
0
0
0
0
0
0
0
0
0
5
0
0
1,32,1
0
0
64
0
0
0
0
0
0
0
1
0
0
4,4,4,4,4,4,4,4,4,4,4,4,4,4,4,4,4,4,4,4,4,4,4
0
0
0
0
0
16
0
0
0
0
0
0
0
0
0
0
0
0
8,8,8,8,8,8,8,8,8
0
0
1,1
0
0
0
0
0
0
0
0
17
0
0
1
0
0
0
0
0
0
0
0
0
0
0
8,8,8,8,8,8,8,8,8,8,8,8,8,8,8,8,8
0
0
0
0
0
0
0
0
0
0
0
0
0
0
0
1
0
0
0
0
0
0
0
0
0
0
0
1,1
0
0
0
0
0
64,64,64,64,64
3
0
0
1
1
0
0
0
0
0
0
0
1,1,1,1,1,1,1,1,1,1,1
0
0
0
0
7
0
0
0
0
0
0
0
0
0
3,3
1,1
0
0
1
70
0
0
0
0
0
0
3
0
0
0
0
0
0
32,1
0
86,86
0
0
0
3
0
0
0
0
3
64
0
0
0
0
0
1,1,1,1
1,1,1,1
0
0
0
0
1,1,1
0
0
0
1
0
0
0
0
0
0
0
0
0
0
0
0
0
0
0
0
0
0
0
0
85,85,85,85,85,85
0
10,10,10,10,10
0
0
0
0
0
77,77,77,77
0
0
0
0
0
0
0
0
8
0
0
0
0
0
0
0
0
0
0
0
0
0
53,53,53,53,53,53,53,53,53,53,53,53,53
0
3
1,1,1
0
0
0
0
0
1,1,1,1,1
0
0
0
0
0
0
0
0
0
0
0
0
0
9,9,9
0
0
0
0
0
8
0
0
0
0
1,1
0
0
0
0
0
0
0
0
0
0
0
0
0
89
0
0
0
0
0
0
0
0
0
0
5
0
0
0
0
0
0
0
0
0
0
0
0
0
0
0
0
0
0
0
0
0
0
0
0
0
0
0
0
0
0
0
0
0
0
0
0
0
7
0
1,1,1,1
0
0
0
0
0
0
0
0
0
3
0
0
0
0
0
0
0
0
0
61,61,61
0
0
1
0
1
0
0
0
0
0
0
3,6,3
0
0
0
0
0
0
0
0
0
0
0
0
64,64,64
9,9,9
0
22
0
3
0
0
0
0
1
0
0
0
28
0
0
0
0
0
0
0
0
0
0
0
0
0
0
0
0
0
0
37
1,1,1,1
0
44
0
0
0
1,1
0
86
0
0
0
0
0
1,1
0
0
0
85,85,85
0
0
0
0
0
0
0
0
0
0
1,1,1,1,1
0
0
0
1
0
0
0
0
0
0
0
1,1
0
0
0
0
0
0
1
44
0
0
0
0
0
0
0
0
0
0
0
0
0
1,1,1
0
0
0
0
0
0
0
0
0
0
0
0
0
0
0
0
0
1,1
85
0
0
0
0
0
0
0
0
0
0
0
0
0
10,10,10
5,5
0
0
0
0
0
0
0
0
0
64
0
0
0
44,44,44,44,44,44,44,44,44,44,44,44
3
0
0
0
0
0
0
0
0
0
15,15
0
0
1
0
0
1,1,1,1
0
0
9,9
0
0
0
0
0
1,1,1,1,1,1,1,1,1,1
1
0
0
0
0
0
0
0
0
0
0
0
3
0
0
0
0
0
0
0
0
0
0
0
0
0
0
0
0
0
0
0
0
0
0
0
0
0
38,38,38
0
0
0
0
0
0
0
0
0
0
0
0
0
0
0
0
0
0
3,3
0
0
0
0
0
0
0
0
0
0
0
0
0
0
0
0
0
0
0
0
1,1
85
0
0
0
0
0
0
0
64
2,2,2,2,2,2,2,2,2,2,2,2
0
0
0
0
0
0
0
0
3,3
0
0
0
0
0
0
0
0
0
0
1,1,1,1,1
1,1
0
0
0
0
1,8
0
1,1,1,1
0
0
0
1,1,1
0
0
0
0
0
0
0
0
0
0
0
0
0
0
0
0
0
0
38
0
0
1,1
0
0
0
0
0
3,3
0
0
0
0
0
0
0
7
0
85,85
0
0
0
0
0
0
0
0
1,1,1,1,1,1,1,1
0
0
0
0
0
0
0
0
0
1,43,1
0
0
0
0
2,2,2,2,2,2,2,2,2,2,2,2,2,2,2,2
85
1,1,1,1,1,1,1,1,1,1,1,1
3
0
0
0
0
0
1
0
0
0
0
0
0
16,16,16,16
0
0
0
0
0
0
0
1
0
0
0
0
0
0
0
0
0
0
16,16
0
0
0
1,1,77
0
0
0
0
0
0
0
0
0
0
0
0
0
0
0
0
0
0
1,1,1,1,1
0
0
0
0
0
85,85,85
0
0
0
0
0
0
0
0
0
0
0
0
0
0
0
0
0
0
3
0
0
3,3,3,3,3,3
14
0
0
0
0
0
0
0
0
0
0
0
1,1,1,1,1,1
0
0
0
1
0
0
0
0
0
0
0
0
0
0
0
0
85
0
42,1,42,1,1,1,1
0
0
0
1,1,1
0
0
0
0
0
0
8
0
0
0
0
0
1
1,1,1,1,1,1,1
20,20,20
0
0
0
0
0
0
0
8
0
0
0
0
0
0
0
0
3
1,1
0
1,1
1,1
0
1
0
0
0
0
0
0
0
0
8,8,3,8
0
0
1,1,1,1
0
0
0
0
0
0
84,84,84,84,84,84,84,84,1,84,84,84,1,84
0
0
0
0
0
0
0
0
0
0
0
0
0
0
3
0
9,9
0
1
0
0
0
0
0
32,1,32
0
0
0
0
0
9
0
0
0
0
0
0
0
0
0
0
0
0
0
0
0
0
0
85
0
0
0
0
0
0
1,1
0
0
0
0
0
1
0
0
0
0
0
0
1,3
0
0
0
0
0
0
0
0
1
9
0
0
0
0
0
0
0
0
1,1,1,1,8,1,3,1
0
0
0
0
0
0
0
1,1
0
0
0
1
0
0
0
0
0
1,1,1,1
0
0
0
0
0
0
0
0
0
0
0
0
0
0
0
0
0
0
0
0
0
0
0
0
0
0
0
0
0
0
0
0
0
0
0
1,1,1,1,1,1,1,1,1,1,1,1,1,1,1,1,1,1
0
0
0
0
0
9,9,9
0
0
0
0
0
0
0
0
1
0
0
0
85,85,85,85,85
0
0
0
0
16,16,9
0
0
0
0
0
0
0
0
0
0
0
55,55,55,55,55,55
0
0
0
1,1,1
0
0
0
0
0
0
0
0
0
0
0
0
0
0
0
0
0
0
0
0
0
0
0
10
0
0
0
0
0
0
0
0
0
0
0
0
0
0
0
0
0
0
0
0
0
0
0
0
0
0
1
0
0
0
0
0
0
0
0
0
1,1,1,1,1,1,1,1,1,1
0
0
0
0
0
0
0
0
0
1,1
3,3,3
0
0
0
0
0
0
0
0
0
0
0
0
0
8
0
0
5
0
0
0
0
0
1,1
0
0
0
1
0
0
0
1,1
1,1
0
0
44
0
0
0
0
0
0
0
0
0
1,1
0
0
0
0
0
0
0
0
0
0
0
0
0
0
0
0
0
0
0
0
0
0
0
0
0
0
0
1
0
1,1
0
6
0
0
0
0
0
0
0
1
0
0
0
0
0
0
0
0
19
0
0
0
0
0
0
0
0
0
9
0
0
0
0
0
0
0
0
0
0
3
0
0
0
1,1
0
0
0
0
0
0
0
0
0
0
0
0
0
0
0
0
0
0
0
0
0
0
0
0
0
0
6,6
56
1,1,1,1
0
0
0
0
0
0
0
0
0
0
0
0
0
0
0
0
0
44,44,44,44
0
0
1
0
0
0
0
0
0
0
0
0
0
0
0
0
0
0
0
0
0
0
0
1,1,1,1,1
0
3
0
0
0
0
0
0
1,1
0
0
0
0
0
0
0
0
0
0
0
0
0
0
0
0
0
0
0
28,28,28,28,28
0
0
0
0
0
0
0
0
0
0
0
0
0
0
1
0
0
0
0
0
0
0
0
1,1
0
0
0
0
0
0
0
0
0
0
0
0
0
0
0
0
1,1,1,1,1,1,1,1
0
0
0
0
0
0
0
0
0
0
0
0
0
0
3
0
0
0
0
0
0
0
0
0
0
0
0
0
28,28,28,28,28,28,28,28
0
0
18
1,1,1,1,1,1,1
0
0
0
0
0
0
0
0
0
28,28,28,28,28,28,28
0
0
0
0
1,1
0
0
0
0
0
0
0
0
0
0
0
1
0
0
56
0
0
0
0
0
0
0
0
0
0
0
0
0
0
0
0
0
52,52,52
0
0
0
0
0
0
0
0
0
0
1,1
1,1,1,1,1,1,1,1
0
0
0
1,1,1
0
0
0
0
1,1,1,1
0
0
0
3
0
0
0
0
0
0
0
0
0
0
44,44,44,44
0
0
0
0
0
0
0
0
0
0
1,1,1
0
0
0
0
0
0
0
0
0
0
0
77
0
0
0
0
0
0
0
0
0
0
47,47,47
6,1,1,1
0
0
0
0
0
1
0
0
0
0
0
0
0
0
0
0
1,1,1,1,1
0
0
0
0
0
0
0
0
0
3
0
0
0
0
0
1,1
0
42,42,42,1,1
85,85
0
0
0
0
7
0
0
0
0
0
0
0
0
0
0
0
85,85
0
0
0
0
0
0
85,85
0
0
0
0
0
0
0
0
1,1
0
0
0
0
0
0
0
0
0
0
0
0
0
0
0
0
0
0
0
0
0
0
0
0
1
1,1
0
0
0
0
0
17
0
0
0
0
0
0
0
0
0
77,77,77,77,77,77,77,77,77
0
1,1,1,1,1,1,1
0
0
0
0
64
0
0
0
0
0
0
0
0
0
0
0
0
1
1,1,1,1,1,1,1,1
0
0
0
0
0
2,2,2,2,2,1,2,2,2
0
0
0
0
0
0
0
0
0
0
0
0
0
0
0
0
28
0
0
0
0
0
0
6
0
0
0
0
0
0
0
0
0
0
0
0
0
0
0
0
0
1
0
0
0
0
0
1,1
0
0
0
0
0
0
0
0
0
0
0
0
0
1
0
0
0
0
0
0
0
0
0
0
0
6
0
0
0
0
0
0
0
0
0
1,1,1
8
0
0
0
0
1,1,1,1,1
0
0
0
64
16,16,16,16
32,1,32
0
1
0
0
0
0
0
0
0
0
0
0
0
0
1,1
0
0
0
0
0
0
0
0
32,1,32
0
0
0
0
0
0
0
3,3,3
0
0
9
0
0
0
1
0
0
0
0
0
0
0
32,32,1,32,1
0
0
1,1,1,1,1,1,1,1,1,1,1,1,1,1,1,1,1
0
0
21,21,21
86
1,1
5
0
0
0
0
0
0
0
0
0
1,1
0
6
0
0
0
0
0
0
0
0
0
0
0
0
0
0
0
0
0
1
0
0
0
0
0
0
0
0
0
0
0
0
1,1
0
1
0
0
0
0
0
28,28,28,1
0
0
0
1,1
0
0
0
0
1,1,1,1,1,1,1
0
0
0
0
0
0
0
0
0
0
0
0
0
0
0
0
0
3
0
0
0
0
0
0
0
0
0
0
0
0
0
1,1
0
0
0
0
0
16,16
0
0
0
0
0
1,1,1
0
0
0
0
0
0
0
0
0
0
75,75
0
0
0
0
0
1
1,1
0
0
0
0
1,1,1,1
3,6,6,6,6
3,3
0
0
0
0
1,1,1
0
0
0
1,1
0
0
16
0
0
0
64
0
0
0
0
0
0
0
0
77,77,77,77,77
0
0
0
0
0
0
0
0
64,64
0
0
16,16
0
0
0
0
0
0
0
0
0
0
0
0
0
88
0
0
56
0
0
0
0
10
0
0
0
0
1
0
0
0
0
0
0
0
0
0
0
0
0
0
0
0
0
0
0
0
0
0
0
0
1,1,1
0
0
0
0
0
0
0
0
0
0
1,1
0
0
0
0
0
0
0
0
0
0
0
0
6,6
0
0
0
0
0
0
0
0
0
1
0
32,32,32,32,32,1
0
6
0
0
0
0
0
0
0
0
0
0
1
0
0
0
85,85
0
0
0
1
0
0
0
1,1,1,1,1
8,8
0
0
28
0
0
0
3
0
0
0
0
0
0
0
0
0
0
0
0
53,53
0
0
32,32,1,32,1,32,32,32
0
0
0
0
0
0
0
1,1,1
0
0
3,3,3
0
5
0
0
0
1
0
0
0
1
0
0
0
0
0
0
0
0
2,2,2,1,1,1,2,2,1
0
0
1
0
0
0
1,1,1,1,1,1
0
0
0
0
1
0
0
0
0
0
0
0
0
44,44,44,44,44,44,44,44
0
0
1
0
0
1,1
1
0
0
0
0
0
8
1,1
0
0
0
0
0
5,5
0
0
0
0
0
0
0
0
0
0
0
1,1
0
0
0
0
0
0
3
0
1,1,1,1,1
0
0
0
0
64
5
0
0
0
0
0
0
0
0
0
0
0
0
0
0
0
0
0
0
0
0
0
9,9
0
0
0
0
0
0
0
0
0
0
0
0
0
85,85
0
0
0
0
0
0
0
0
0
0
0
0
0
1
0
0
0
1
32,32,1,1,1,1,32,1,1,1,1,32,1,1,32,1
0
0
0
1
0
0
0
0
0
0
0
0
0
0
0
0
0
1,1
0
0
0
0
0
0
0
0
1,1,1,1
64
0
0
18
0
0
0
0
0
0
0
0
1
0
0
0
0
0
0
0
0
0
0
0
1,1
0
0
0
0
0
0
0
0
0
0
0
0
0
7
86
0
1,1
0
0
0
0
0
0
0
0
0
0
0
0
0
0
0
0
0
0
0
0
0
0
0
0
0
0
0
0
0
0
0
0
0
16,16
0
0
0
7
0
0
0
0
0
0
0
0
1
3
0
0
0
0
0
0
0
0
0
0
0
0
0
3
0
3,3
0
0
0
0
0
64
3
0
0
0
0
0
0
1,1,1,1,1,1
0
0
56,56
0
0
0
0
0
1
0
0
0
0
0
0
0
0
0
0
85
1,1
0
0
0
0
0
0
0
0
0
0
0
1
0
0
0
0
0
0
0
0
0
0
0
0
0
0
0
0
0
0
0
3,3
0
0
1,1
3,85,3
0
0
0
0
0
0
0
0
0
0
0
0
1,1,1,1,1,1
0
0
0
0
1,1,1,1,1,1,1,1,1,1
0
0
8
0
0
16
0
32,1,32,1
9
0
0
0
0
0
0
0
0
0
0
0
0
0
0
0
0
1,1
0
1,1,1,1,1,1
0
0
0
1,1,1
0
1
0
0
0
1
0
0
0
6
3
85,85
0
0
0
0
16
0
0
0
64
0
0
0
1,1,1,1,1,1,1,1,1,1,1
0
0
0
0
0
0
16,16,16
64
0
0
0
0
0
0
0
0
0
0
0
0
0
0
0
1,1,1,1,1,1,1,1,1
0
0
6
0
1
0
0
0
0
0
0
0
1,1,1,1
0
0
0
0
0
0
0
0
0
0
0
0
0
0
19
0
0
0
0
0
1,1
0
0
0
0
1,1,1,1,1,1,1,1
0
6
0
0
0
0
1,1,1,1
0
0
0
0
0
0
0
0
0
0
0
0
1,1,1,1
0
0
0
0
0
0
0
0
10,10
0
0
1,1
0
0
0
0
0
0
0
0
0
0
0
0
0
0
0
0
0
0
0
0
0
0
0
0
0
0
0
3
1
0
0
0
0
0
0
8
0
1,1,1,1,1
0
1,1
8
0
0
0
8,8
0
0
0
0
0
0
0
0
0
0
0
0
0
64,28,64,28
0
0
0
0
0
0
0
0
0
0
0
0
0
0
0
0
0
0
0
0
0
0
0
0
0
0
0
0
0
0
0
0
0
0
0
0
1
0
0
0
1,1
0
0
0
0
64
0
3
0
1
0
0
0
0
0
0
0
0
0
0
0
0
0
0
0
0
0
0
1
0
0
1,1
0
1
0
0
1,1,1,1
9,9,9,9,9
0
0
64
0
0
0
0
0
0
0
0
0
0
0
0
0
1,1,1
0
86,86
0
0
0
0
0
0
0
0
0
2
0
0
0
64,64
0
0
0
0
0
0
0
0
0
3
0
0
0
0
0
1
0
0
0
0
0
0
0
0
0
3,3,3,3
1,1,1,1
0
0
1,8,8
0
0
9
0
0
0
0
0
0
0
0
0
2,1,2,2,1,2
0
0
0
0
0
0
1
0
0
1
8,8
0
0
0
0
0
85
0
0
0
0
0
0
0
0
0
0
0
0
0
86
0
0
0
0
0
0
0
0
0
0
0
0
0
0
0
0
0
0
0
8,8
0
0
0
0
0
0
0
0
0
0
0
0
1,1,84,84
0
0
0
16
0
0
0
0
0
0
0
0
0
0
0
0
0
0
3
1,32,1
0
0
0
0
0
0
0
0
0
0
86
0
0
0
0
0
0
0
0
1,1,1,1,1,1
0
0
0
9,9
0
2,2,2,2,2,2,2,2,2,2,2,2,2,2,2,2,2,2,2,2,2,2,2
0
0
0
0
0
0
0
0
0
0
1
0
0
0
0
0
0
0
0
0
0
0
0
77,77,77,77
0
0
0
0
0
0
1,1,1,1,1,1,1,1,1,1,1
0
0
0
0
0
0
1,1
0
0
0
0
0
0
0
0
0
0
0
0
0
0
0
0
0
0
0
0
0
0
47,47
0
1
0
0
0
7
1
0
0
3
0
0
0
0
0
0
0
1,1,1,1
0
0
0
0
0
0
3
0
0
3,3,3,3,3
0
0
0
0
0
0
0
0
0
0
0
0
0
0
0
0
0
0
0
1,1
0
3
0
0
0
0
64,64
0
4
0
0
0
0
8
0
0
0
0
0
0
0
0
0
7,7
0
0
0
0
0
0
0
0
1
7,7
0
0
0
0
0
0
0
0
64
0
8
51
1,1
0
0
0
5
0
0
0
0
0
0
0
0
1,1,1
0
0
3
0
0
75,75
0
6,6
0
0
38,38,38
3,3,1,3
0
0
0
0
0
0
0
0
0
0
0
0
0
7
0
0
0
0
0
0
0
0
1,1,1,1,1,1,1,1
0
0
47
0
0
0
0
0
0
0
0
0
0
38
0
0
0
0
0
0
0
0
0
0
0
0
0
0
0
0
0
0
0
0
0
0
0
0
0
28,28
0
1
10
0
0
0
8
0
0
0
0
0
0
0
0
0
0
0
0
0
0
0
0
0
0
0
85
0
0
0
0
0
0
0
0
0
0
0
0
61
0
0
0
0
0
0
0
0
28,3,3,28,28,3
0
0
0
0
0
0
0
0
0
6
0
0
0
0
0
0
0
0
0
0
0
0
0
0
0
0
0
0
0
0
0
0
0
0
0
0
3,3,3
1,1,1,1,1
0
0
0
0
0
0
0
0
0
0
0
0
0
1
64,64,64
0
0
0
1,1
3,3,3
0
0
1,1,1,1
0
0
0
0
46,46,46,46,46,46,46,46,46,46,46,46
0
0
0
0
86,86
0
0
8
0
1
1,1,1
0
0
0
0
0
0
0
0
0
0
0
0
0
0
0
0
0
0
32,32,1,32,32,1
0
3
0
0
0
0
0
0
0
0
0
0
0
0
0
0
0
0
0
0
0
0
0
0
0
0
0
8,8,8,8,8,8,8,8,8
0
1,1,1,1,1
0
0
0
1,1,1,1,1,1
0
0
0
0
0
0
0
0
0
0
0
1,1,1,1,1,1
0
0
0
0
0
0
5,5
0
0
0
0
0
0
73,73
0
0
0
0
0
0
0
0
0
1
0
0
0
0
0
0
0
1
1,1
0
0
0
0
0
0
0
86
0
0
0
9
0
0
0
1,1,1
0
0
3,3,3,3,3,3
0
1
0
0
64
0
1,1,1,1
0
0
0
0
0
0
3
0
0
0
0
0
0
0
0
0
0
0
0
4
0
0
0
0
3
0
0
0
8,8,8,8
0
0
0
0
0
0
0
1,1
0
0
0
0
0
0
52,52
0
1
0
0
0
0
0
0
3,3,3,3,3
57
0
0
0
6
0
0
0
0
0
0
0
0
0
0
0
0
0
44
0
0
0
0
0
0
9,9
0
0
0
0
0
0
0
0
0
0
0
0
0
1,1
1,1,1,1,1,1,1
0
0
0
0
6
28,28,28
0
0
0
0
0
0
0
0
0
0
0
0
0
3,3
0
0
0
0
0
0
0
0
0
0
0
0
0
0
0
0
64,64
16
0
0
0
0
0
1
0
0
0
0
8
0
0
0
0
85,85
0
0
0
0
0
0
0
0
0
32,32,32,1,32,32,1
3,3,3,3,3
0
0
0
1,1,1,1,1,1,1,1
0
0
0
0
0
0
0
0
0
85
0
0
0
8,8
1,1,1
0
0
0
1,1,1
3
0
0
0
0
0
0
0
0
0
0
0
1
0
0
0
0
0
0
1,1,1,1
1
0
0
0
0
0
0
0
0
0
0
0
0
0
0
0
0
0
0
0
0
0
1,1
0
3,3
0
1,1
0
0
0
0
0
0
0
0
0
0
0
85,85
0
0
0
0
0
0
0
0
0
0
0
0
0
9
0
0
0
8
0
0
0
0
0
3
0
0
0
0
8
0
0
0
0
0
0
0
0
0
0
28
0
0
0
0
0
0
9
0
0
0
0
0
38,38
0
0
0
0
0
0
0
0
0
0
0
0
0
0
50
0
0
64
0
0
0
0
0
8,8
0
0
0
0
0
0
0
0
0
0
0
0
0
0
3,3,3,3
0
0
0
0
0
0
0
0
0
0
0
0
0
0
0
0
0
0
0
28,28,28,28
0
0
0
0
0
0
0
0
0
0
0
44,44
0
1,1
0
0
0
0
0
1
0
0
0
0
0
0
0
0
3
1
0
0
0
9
0
3
0
47,47,47
0
0
7
0
0
0
0
0
0
1
0
0
0
2
0
0
0
0
0
0
0
1,1,1,1,1,1,1,1
0
0
0
0
0
0
0
0
0
0
0
0
0
1,1,1,1,1,1
0
1
0
16
0
0
0
0
1,1,1
0
6,6,6
0
0
0
64
0
0
0
16
0
0
0
0
0
0
0
0
0
0
1,1
4
0
0
1,1,1
0
0
0
52
0
0
0
8
0
0
0
0
0
0
0
0
0
3
0
86
0
0
0
0
0
0
0
0
0
0
0
0
0
1
0
0
0
0
0
0
0
0
0
85
0
9
0
0
0
0
1
0
0
0
1,1
0
0
0
0
0
0
0
0
0
0
0
0
0
0
0
0
0
0
64,64,64
0
0
0
0
0
0
1,1,1,1
3
0
0
0
22
0
0
0
0
0
0
0
0
0
0
0
0
0
0
0
0
0
1
0
0
0
0
0
0
0
0
0
86,86
0
0
0
0
0
0
1,1
0
44,44
0
85,85,85,85,85
0
0
0
0
0
1,1,1
0
0
0
0
0
0
0
3,6
0
0
0
1,3,1,3,1
0
0
0
0
20,20
16
0
0
0
0
0
0
0
0
0
0
0
0
0
0
0
0
1,1,1,1,1,1,1,1,1,1
0
0
0
0
0
9,9
1,1,1,1,1
0
0
0
1
0
0
0
0
85
0
0
0
0
0
0
3
0
0
0
0
0
0
0
0
0
1,1
0
0
0
0
0
0
0
0
0
0
1,1
0
0
1,1,1
0
0
0
0
1
0
0
0
28,28,28,28,28,28,28,28,28,28,28,28,28,28,28,28,28,28,28,28,28,28,28,28,28,28,28,28,28,28,28,28,28,28,28,28,28,28,28,28
0
0
0
0
0
0
0
0
0
0
0
0
0
0
0
1
0
0
0
0
0
0
0
0
85
0
0
0
0
0
0
0
0
51
1
0
0
0
1,1
0
0
0
0
0
0
0
0
0
0
0
1
0
0
0
0
0
0
0
1
0
3,3
0
0
0
0
0
0
0
0
0
0
0
1,1,1
0
0
0
0
0
0
0
0
0
3,3
0
0
0
0
0
1
0
0
0
0
0
0
0
0
0
0
0
0
0
0
0
1,1,1,1,1,1,1,1
28,28
0
0
0
0
1,1,1,1,1
0
0
0
0
0
0
0
0
1
0
0
8
0
51
0
0
51
0
0
0
0
0
0
37,37,37,37,37,37,37,37,37,37,37,37,37,37,37,37,37,37,37
1,1
0
0
28,28,28,28,28
0
0
0
1
0
0
0
0
0
15,15,15
0
0
0
0
0
0
0
0
0
0
0
1
0
0
0
0
0
0
0
0
1
0
0
1,32,1,32,1
0
0
0
0
0
0
0
0
1,1
0
0
0
0
0
3
0
1
86,86
0
32,1,32
0
0
0
0
0
0
0
0
0
0
0
0
0
0
0
0
3,3
0
0
0
0
0
8
0
1
0
0
0
0
0
0
0
0
0
0
0
0
0
0
0
0
0
0
1,1,1
0
0
0
0
0
0
0
0
0
0
0
0
0
1,1
0
0
0
0
0
0
0
0
1,1,1,1
0
0
0
0
0
0
0
0
0
0
0
0
0
1,1,1
1
0
0
0
0
0
3
0
0
0
0
0
0
0
5
0
0
0
0
1,1,1,1
0
32,32,32
1,1,1
0
0
0
0
0
0
0
1
0
0
0
32,1,32,1
3,3,3,3,3,3,3
0
0
0
0
18,18
0
0
0
0
0
0
0
0
0
0
0
0
0
0
0
0
0
0
0
0
0
0
1
0
0
0
0
0
1
0
0
85,85,85
0
0
0
0
0
1,1,1,1
0
0
0
53
0
0
0
0
16,16
0
85,85
0
0
0
0
0
0
0
0
0
0
0
0
0
0
0
0
0
0
0
0
0
3
0
1
62
0
0
0
0
7
0
0
0
0
0
0
0
1,1,1,1,1,1,1,1,1,1,1,1,1,1,1,1,1,1,1,1,1,1
1,32,1,1,1,32
1
1,1,1
0
0
0
0
0
8
0
0
1,1
0
0
0
0
44
0
0
0
0
32,32,32
0
0
0
8,8,6
0
0
0
1,1,1,1,1,1,1
0
0
0
0
0
0
0
0
0
0
1
0
0
0
0
0
0
0
0
0
0
0
0
0
0
0
0
0
0
9
0
0
1
0
0
1
0
0
0
0
0
0
0
0
0
0
0
0
0
0
0
0
0
0
28,28,28
1,1,1,1
0
0
0
3
0
0
1,1
0
0
64
0
0
0
0
0
0
1
0
0
0
0
1
0
0
0
0
1
0
0
32,32,1,32
0
1
0
0
0
0
64
0
0
0
32,1,1,1
0
0
0
0
1,1,1
78
0
0
0
1
1,1
0
0
16,16
47,1,1
0
0
0
0
1
0
3,3
0
0
0
0
0
0
0
0
0
0
0
0
0
0
0
0
0
0
28
0
0
0
0
0
0
1
0
0
0
0
0
0
1,1
0
0
0
0
0
0
3
0
0
0
0
0
0
0
0
0
0
0
8
0
0
1
0
0
0
0
0
0
0
1,1
0
0
8
0
1,1,1,1,1
0
0
0
10
0
0
0
0
0
0
0
0
6
0
1,1
0
1,1
0
0
0
75,1,75,1
0
0
0
0
0
0
86
32,32,1,1,1,32,1
0
0
0
0
1,32
0
0
0
0
0
1,1,1,1,1,1
0
0
3
0
0
0
0
0
0
0
0
0
0
1,1
3,3,3
0
8
1
0
0
1,1
0
0
0
0
0
0
0
0
0
0
0
0
1,1,1,1,1
0
0
0
0
0
0
0
0
0
0
0
0
0
1,1
0
0
0
0
0
0
0
0
0
0
9
0
0
0
0
0
0
0
16
0
0
0
0
0
0
0
3,3,3,3,3
1
0
0
0
0
0
0
0
0
0
0
0
10,10
0
3
0
0
0
0
0
0
0
0
0
0
0
0
0
0
0
0
0
0
0
0
0
0
1,1,1
0
0
0
0
0
0
0
0
0
0
0
0
0
0
0
10,10,10,10,10,10,10
38
0
0
0
0
0
0
0
0
17,17
0
1,1
0
0
0
0
0
0
0
0
0
0
0
0
0
0
0
0
0
0
0
0
0
0
0
0
0
0
0
0
1
0
0
0
0
0
0
0
0
0
0
0
0
1,1,1,1
0
1,32
0
0
0
0
0
0
0
10,10,3
0
0
0
0
0
0
0
0
0
0
0
0
0
0
3,3,3
0
0
1,1,28,28,1,1,1,1,1
0
0
0
0
0
0
0
0
0
0
0
0
0
1,1,1,1
0
0
0
0
0
0
0
0
0
1,1
44
0
0
0
0
0
16
0
0
0
0
0
0
0
0
0
0
0
0
0
0
0
1,1
0
0
0
0
0
0
0
0
0
0
0
0
0
1,1,1,1,1,1,1,1,1,1,1
0
0
0
0
0
0
0
0
0
0
0
0
32,1
0
0
0
0
0
0
0
0
0
0
0
0
0
0
0
0
0
0
47
0
1
0
0
0
0
0
0
0
0
0
1
0
0
0
0
0
0
0
0
0
0
1,1,1,1,1
1
0
0
0
0
0
0
0
0
0
0
0
0
0
0
0
1
0
16,16,16
0
0
0
0
0
0
0
0
0
0
1
0
0
0
0
0
0
0
0
0
0
0
0
0
0
0
0
0
0
0
0
0
0
0
9,9,9,9,9,9,9,9,9
0
1,1,1
0
0
0
0
0
0
0
1
1
0
0
0
1
0
0
0
0
0
0
1
0
0
0
9,9,9,9
0
0
0
0
0
1,1
0
0
0
0
0
0
0
0
0
0
0
0
0
0
0
0
0
0
0
0
1,1
72
0
0
0
8
0
0
0
0
0
0
0
1,1
0
0
0
0
1,1,1,1,1,1,1
0
75
0
0
0
0
0
0
1
0
0
0
0
0
0
0
0
0
0
0
0
0
0
0
1
0
0
6,6,6
0
0
0
0
0
0
0
0
0
0
0
0
0
0
0
0
0
3
0
1,1,1
0
0
0
0
0
0
0
0
0
0
0
0
1,1
0
0
0
0
0
5
0
0
0
0
0
0
0
0
0
0
0
0
0
0
0
0
1,1
0
0
0
0
0
0
0
1
0
1,1,1,1
0
0
0
0
0
0
0
1,1,1,1,1,1
0
0
0
38,38,38,38,38,38,38,38,38,38
0
0
0
1,1,1,1,1,1,1,1,1,1,1,1,1
0
0
8
0
0
9,9,9
0
0
32,1
0
1
0
1,1,1
0
0
0
0
0
0
1
1,1,1
0
0
0
1
0
0
0
73
0
0
0
0
0
0
0
0
0
0
0
0
0
0
0
0
0
0
0
0
0
0
0
18
0
0
0
0
0
0
0
0
0
0
0
0
0
0
6
1
0
0
0
0
0
0
0
0
0
0
7
0
0
0
0
0
7
0
0
0
0
0
0
1,1,19
0
0
0
0
0
0
0
0
0
0
0
0
0
1,1
0
0
0
0
0
0
0
0
0
0
0
0
0
0
0
0
0
0
0
0
0
0
0
6
0
0
0
1
0
0
16
0
1
1
32,1,32
0
0
0
0
0
0
0
0
0
0
0
0
0
0
0
0
0
0
1,1,1
0
0
0
1
0
0
0
0
0
0
0
0
0
0
0
0
0
6,6
0
8,8,8
0
1
0
0
0
0
0
18,18
0
0
0
0
0
0
0
0
1,1,1
0
0
1
0
0
0
3,3
0
0
0
0
3
0
0
3
0
0
0
1,1,1
0
0
0
0
9
0
1,1
0
0
0
0
0
0
0
0
0
0
0
0
0
1,1
0
0
0
0
0
0
0
1
0
0
0
0
0
0
0
0
0
0
0
0
0
0
0
0
0
0
0
0
16
0
32,1,32,32,1,1,1,1,1,32,32,1,1,32,1,32,1,32,1,1,32,1
0
0
7
0
1
0
0
0
0
0
0
0
0
3
0
0
0
0
0
1,1,1,1,1
0
0
0
70
0
0
0
28,28,28
0
0
1,1
9
0
9,9
0
0
0
60
0
0
0
0
1
0
3,3
0
0
0
0
0
21
1,1,1
6,6
0
0
0
0
0
0
0
1,1,1,1,1,1,19
0
0
0
0
0
0
0
0
0
0
1,1
0
0
0
0
0
1
1,1,32,1
0
0
0
0
0
0
0
1,1
0
0
1,1
0
0
0
0
0
0
0
1,1,1
0
0
0
0
0
0
0
0
0
0
0
0
0
0
1,1,1
0
0
0
0
0
0
0
0
0
0
1,1,1,1,1,1,1
0
0
0
18
0
0
0
0
0
0
0
0
0
0
0
0
0
0
0
0
0
0
0
0
0
0
0
1
0
0
0
0
0
0
0
0
0
0
0
0
0
0
1,1,1
0
0
0
0
0
0
0
0
0
0
0
0
0
0
0
0
0
0
0
0
0
0
0
0
0
0
28
0
0
0
0
0
1
0
0
1,1,1,34
0
1,1,1
0
0
0
0
0
0
0
0
0
0
0
1
1,1,1
0
0
0
0
0
0
16,16,16,16,16,16,16,16,16
0
3
0
0
0
0
0
1,1,1,1,1
1
0
0
0
0
0
0
0
0
0
0
0
17
0
1
0
0
0
0
0
0
0
1
0
0
0
0
0
0
0
0
1,32,1,32
0
0
0
0
0
0
0
0
52
0
0
1,1
1
0
2
0
0
0
0
0
0
85,85
0
0
0
0
0
1
0
0
0
0
0
0
0
0
64,64,64
0
0
0
0
19,19
0
0
0
0
0
0
0
0
1,1
1,1
0
0
0
0
3,3,1
7
0
0
0
0
0
0
0
37,37,37
0
0
7,7,7,7,7
32,32,32,1,1
1,1
0
0
0
0
0
85
0
0
0
0
0
8
0
0
0
0
1,1,1
1
0
0
0
0
0
0
0
0
3
0
0
0
3,3,3,3
0
0
0
0
0
0
0
9,9,9,9,9,9,9,9,9,9,9,9,9,9
0
0
0
86
0
0
0
0
0
0
0
0
0
0
0
0
0
64
0
0
0
0
0
0
0
0
0
0
32,1,32
0
0
0
9
0
0
0
1,1
0
0
0
86,86
0
0
0
0
0
0
0
6
0
86
0
0
0
0
0
0
0
0
0
0
0
0
0
0
0
0
0
1,1,1,1,1
0
0
1,1
0
0
0
0
0
0
0
10,10,10,10,10,10,10,10,10,3,10
0
0
0
0
0
0
0
0
0
0
0
1,1,1,1,1
0
0
0
1,1,1,1
3,3,3
0
0
6
1,1,1
0
0
0
1,1
0
0
0
0
0
5
0
0
0
51
88
0
0
0
1,1,1,15,1,1
0
0
0
0
0
0
0
0
0
0
0
0
0
0
0
0
0
0
1,1
0
0
0
0
0
0
1,1
0
0
0
0
0
0
0
0
0
0
0
0
0
0
6
0
0
0
0
6,3,3,6,6,6,3,6,6
0
1,1,1
0
0
16,16,16
3
0
0
0
0
0
0
0
0
15
0
0
0
0
0
0
0
0
0
0
0
0
32,32,1,32
0
0
1
0
1
0
0
0
0
0
1,1
0
0
0
1,1
0
0
0
0
0
0
0
8,8
0
0
0
0
0
0
1,1
0
0
0
6
0
0
0
0
1,1,1,32,1
0
9
61
0
0
0
0
0
0
0
0
0
1,1,1,1,1
1
0
0
0
0
1,1
0
0
0
0
3
0
0
0
0
0
0
1
0
0
0
0
0
0
0
0
0
0
0
0
0
0
0
0
0
0
0
0
1
0
19,1,1,1,1,1,19
0
0
44,44,44,44,44,44,44,44,44,44
0
1,1
10
0
0
0
0
0
0
0
0
0
0
0
1,1
8
0
0
0
0
85
0
0
0
0
0
0
0
0
0
0
0
0
0
0
1,1
0
0
1
0
0
0
0
0
1,1
0
0
0
0
5
0
0
0
0
0
0
0
0
1,1
0
0
0
0
0
0
1,1
0
0
9,9
0
0
0
0
0
0
0
0
0
1
0
0
1
1,1
0
0
3
0
0
0
0
0
0
0
0
2,2,2,2,1,1,1,1,2,1,1,2,1,1
0
3
0
0
0
0
0
0
0
0
0
0
9
0
0
57,57,57,57,57,57,57,57,57,57,57,57,57,57,57,57,57,57,57,57,57,57,57,57,57,57,57,57
0
0
0
0
0
0
0
0
0
3
0
0
0
0
0
0
0
0
0
86
3
1
0
0
0
0
0
18
0
0
10,10,10,10,10,10,10,10
0
22
0
0
1
44,44,46,44,44
0
0
0
1,1
0
0
0
0
0
3
0
0
0
0
0
0
0
0
1,1
0
0
0
0
0
0
0
0
0
0
0
1
0
0
3,1,3,1,3
0
0
0
0
0
6
0
0
0
0
0
0
0
0
0
0
0
0
0
5
1
1,1,1,1,1
0
0
0
42
0
0
0
0
0
0
0
0
0
0
3
0
1,1,1,1,1,1,1,1,1,1,1
0
0
0
0
1,1,1
0
0
0
0
0
0
0
0
0
0
0
1,1
73
0
0
1
0
1,1
9
0
0
0
1,1,1
0
0
0
0
0
1
0
0
0
0
0
0
0
0
0
0
0
0
0
0
1,1,1,1,1,1,1,1,1,1,1
0
0
0
0
0
28,28
0
0
0
0
1,1
0
0
0
0
0
0
0
16
0
0
0
0
0
6
0
0
1
0
0
0
1
0
0
0
0
0
0
0
0
0
0
0
3
0
0
0
2
0
0
0
0
5
0
0
0
0
0
0
0
1,1,1
0
0
0
0
0
0
0
0
84,84,84,84
0
0
0
1,1
0
13
0
0
0
0
0
1,1
0
0
0
0
0
0
0
0
1,1,1,1
0
0
0
1
0
1
0
0
0
1
0
8
0
1,1,1,1,1,1,1
0
0
0
0
0
0
0
0
0
0
0
0
7,7
0
0
0
0
0
0
0
0
0
0
0
0
16,16
0
0
1,1
0
0
0
0
0
0
0
0
0
0
0
0
0
0
0
0
0
0
0
0
0
0
0
1
0
0
15,3,3,3
0
0
0
0
0
0
9
0
0
1,1
0
0
1
0
0
0
0
0
0
0
0
0
0
0
1,1,1
0
3,3
0
0
0
38
0
0
0
0
0
0
0
0
0
0
0
0
0
8
0
0
0
0
0
0
0
0
0
0
0
0
0
0
0
0
1,1,1,1
0
0
1
0
0
0
0
0
0
0
0
0
1
0
0
0
0
0
0
0
0
0
85
0
1,1,1,1
0
0
0
0
0
0
0
0
0
0
0
0
1,1,1,1
0
0
0
7
0
0
3,3,3
1
0
0
0
0
0
0
0
0
0
0
0
0
0
0
0
0
0
0
85
0
0
0
0
0
0
0
0
0
0
0
0
0
0
1
0
0
0
5
0
0
0
0
0
0
0
1,1,1,1
0
0
0
0
0
9
0
0
0
0
0
0
1
0
0
0
0
0
0
0
0
0
0
0
0
0
15
0
0
0
0
0
0
0
0
1
0
0
0
0
0
8
0
0
0
0
0
0
0
0
0
0
0
0
0
0
0
0
0
0
0
0
1,1,1,1
0
0
0
0
15
0
0
85
0
86
0
0
0
0
0
1
3
0
0
0
0
0
0
0
0
9
0
0
1,1
0
0
0
0
0
1,1,1,1
0
0
1,1,1,1,1
1
0
0
0
8
1
0
0
0
0
0
1,1,1,1,1,1,1
86
0
0
0
32,32,32,32,32,32,32,32,32,32,32,1
0
0
0
0
0
0
0
0
0
0
3,3
0
0
0
0
0
0
0
0
0
0
0
0
0
1,1,1,1
0
0
0
0
0
0
0
0
0
0
0
0
0
0
0
0
0
0
0
0
0
0
0
0
0
0
1,1
0
0
3
0
0
0
0
0
0
1
9,9
28,28,28,28,1,28,28,28,28,28,28,28,28,28,28,1,28,1,28,28,1,28,1,28,28,28,1,28
0
0
0
0
46,46,46,46,46,46,46
1,1,1
0
0
0
1
0
0
0
0
0
0
0
3,3
0
0
0
0
0
0
0
0
0
0
0
0
0
64
0
0
0
1,1
0
0
9
1,1,1,1
0
0
0
0
0
0
77,77
0
0
0
0
0
0
1
0
0
0
0
32,1,32
0
0
0
0
15
0
8
0
0
64,64
0
8
0
86
0
0
0
22
0
0
0
1
0
0
0
0
0
0
0
0
0
0
0
0
0
0
0
5
8
0
0
0
0
0
0
0
0
0
9
0
0
1,1
0
0
0
0
0
0
0
0
0
0
0
0
0
0
0
0
0
0
0
3,3
0
0
0
52
0
8
0
0
0
32,1,32,32
0
0
85
0
0
0
0
0
0
0
0
0
3,3
0
16,16
0
0
0
0
9,9,9,9,9,9
0
0
0
0
0
0
0
0
0
0
0
0
0
3
0
0
0
0
0
0
1
0
0
6
0
0
0
0
0
0
0
4
0
0
0
0
1
73,73
0
0
1
0
0
0
0
0
0
0
0
0
0
0
0
0
0
0
0
32,32,1,1
0
0
0
0
0
0
0
0
28,28
0
3,3,3
6
0
0
0
0
0
0
0
0
0
0
0
0
0
0
0
0
0
1,1,1,1,1,1,1,1,1,1
1,1
0
0
0
0
0
0
0
0
0
1,1
0
0
0
0
0
0
1,1,1,1
85,85,85
0
0
0
0
0
0
0
0
0
0
0
0
0
0
0
0
0
0
0
0
0
0
0
0
64
0
0
17
0
0
0
1,1
1,1,1,1
1
3
0
1,1
20,20,20
9,9
0
0
0
86
1
0
0
0
0
0
0
0
7
0
0
0
32,1
0
1
0
0
0
0
0
0
0
0
0
0
0
0
0
0
0
0
1,1,1,1
0
86
0
0
0
0
0
0
0
17
0
0
0
0
3,3
0
1
0
0
0
0
0
0
0
0
0
0
1,1,1,1,1,1,1,1,5
0
0
0
0
0
0
0
3,3
0
9
0
0
0
0
0
0
0
0
0
0
1
0
0
0
0
0
0
0
0
0
0
0
0
0
3
0
0
1,1
0
0
0
0
0
1,1,1,1,1,1
0
1,1
0
0
0
0
0
0
0
0
0
0
0
0
0
0
13
0
0
0
0
0
0
0
0
0
0
0
0
0
0
0
0
0
0
0
0
0
0
0
0
0
0
0
5
0
0
0
0
0
0
0
0
0
0
9,9,9,9
0
16
0
0
0
0
0
64,64
1
0
3,3
0
0
0
0
1
0
18
0
0
0
0
0
0
0
0
1,1
0
0
1,1,1,1,1,1
0
0
1,1,1
0
1
0
0
0
16
0
0
44,44
0
0
0
0
0
0
0
16
0
1
0
0
0
0
0
0
1
0
0
0
3,3
0
0
0
0
0
0
0
0
0
0
1,1
0
0
0
0
0
0
28,28,28,28
0
0
1,1,1
0
0
0
0
0
0
0
0
0
0
64
0
0
1
0
0
1,1
0
0
0
0
0
0
64,64
0
1
0
0
0
0
0
1
1,1,1,1,1
0
0
0
0
0
0
0
6,6,6
0
0
0
0
0
0
0
0
0
0
0
0
0
0
5
0
0
0
0
0
0
1,1
0
0
0
0
0
0
1
0
0
0
0
1
0
0
0
0
0
1
0
0
0
0
0
0
0
1,1,1,1,1,1
0
0
0
0
0
0
0
0
0
51
0
0
0
0
0
0
1
0
0
0
0
0
0
0
0
0
0
0
0
0
0
0
0
1
0
0
0
0
0
0
0
0
0
0
0
0
0
0
0
0
0
0
0
9,9
0
1
1,1,1,1,1,1,1,1
1,1,1
0
0
0
0
0
0
1,77,77,1,1,1,77,77
0
0
23
0
0
0
0
0
0
0
0
51
0
0
0
0
0
0
52
1
0
8
0
0
0
0
0
0
0
0
0
0
9
0
0
5
0
0
0
0
0
0
8
0
0
0
0
0
0
0
0
0
0
1,32,32
0
1
0
0
0
0
1
0
0
0
0
0
0
0
0
0
0
0
0
0
0
1,1
0
0
0
0
0
0
0
0
0
0
0
0
0
0
0
0
0
0
0
1,1,1,1
9
0
64
0
44
1,1
86,86,86
0
0
0
0
0
0
0
0
0
1,1,1,1,1,1,1,1
3
0
52
0
0
0
0
0
0
1,1
0
0
0
1,1,1,1,1,1,1,1,1,1,1,1,1
0
0
64
0
0
0
0
0
0
3,3
0
0
0
0
56
0
0
0
0
0
0
1,1,1,1
0
0
0
0
0
0
1,1,1,1,1
3,3
1,1
0
0
0
4
1,1,1,1
1,1,1,1,1,1,1,1,1,1
0
0
1,1
0
0
0
0
0
0
0
0
1
0
0
3,3
0
1,1,1,1,1,1,1
0
0
0
0
0
0
0
0
3,3
0
0
0
0
0
1
0
0
0
0
0
0
0
0
0
0
0
1,1,1,1,1
0
0
0
0
0
0
0
10,10,10,10
0
0
0
0
0
0
0
0
0
0
8,8
0
1,1
0
0
1,1,1,1,1
0
0
0
0
0
0
0
0
0
0
0
0
0
0
0
0
0
0
0
0
0
0
0
0
0
0
3
16,16,16,16,16,16,16,16,16,16
0
10
1
0
0
0
0
0
0
0
0
0
0
4
1,1,1,1,8,8
0
0
0
0
0
0
16
0
0
0
1
0
0
1,1,1,1,1
0
0
0
0
0
0
0
0
3
0
0
0
0
6
0
0
0
0
0
1
0
3
0
0
1,1,1,1,1,1
7
0
0
0
0
0
0
0
1
0
1,1,1,1
0
1,1,1,1,1,1,1,1,1,1,1
0
0
0
0
0
0
0
0
0
0
3
0
0
0
0
0
0
0
0
0
0
1
0
0
0
0
1,1,3,1,1,1,3,1,1,1,1,1,1,1,1,1,1
23
0
0
0
1
0
0
0
0
0
0
9,9,9,9,9,9,9,9,9,9,9
0
0
0
0
0
1
0
0
0
9
0
0
0
0
0
0
0
0
0
0
0
0
0
0
0
0
0
0
0
0
0
0
0
0
0
0
0
0
0
0
3
0
0
1
0
0
0
0
0
0
0
0
0
0
0
0
0
0
0
0
1,1
0
0
0
0
0
0
0
0
0
0
0
0
0
0
0
1,1
0
0
0
0
0
3
0
6
0
0
0
0
0
0
0
1,1,1,1,1,1,1
0
0
0
0
1,1
0
6
0
0
0
0
0
0
0
0
0
0
0
0
0
0
10,10,3,10,10,10,3,3,3,10,3,10,10,10,10,3,3,3,10
0
0
0
0
0
0
0
0
0
0
3
0
0
0
0
0
0
0
0
0
0
0
7
0
0
0
0
0
0
0
16,16,16
1,1,1
0
0
0
0
0
0
0
5
1,1,1,1,1,1
0
0
0
0
0
0
0
0
0
0
1,1,1
0
0
0
0
0
0
0
0
0
0
0
0
1
0
0
0
0
0
0
0
0
0
0
0
0
0
0
0
20
0
0
0
0
0
0
0
3
0
0
0
0
0
0
1,1
0
0
0
0
0
0
0
0
0
0
0
0
0
2
0
0
0
0
0
0
0
0
0
0
0
0
0
0
37,1,37,1,1,1,1,1,1,1,1
0
32,1,32
0
0
0
0
0
0
0
0
0
0
0
0
0
0
0
0
0
0
0
0
0
0
0
0
0
0
0
0
0
0
0
0
0
0
0
0
1,1,1,1,1,1
0
47,47,47
0
0
0
0
0
0
0
1,1,1,1,1,1,1,1,1,1
0
0
0
0
0
0
0
0
0
0
0
0
0
0
0
0
0
0
0
1
0
0
0
0
1,1
0
0
0
0
0
0
0
0
0
1,1
0
6
0
0
1,1,1,1
0
0
0
0
0
1
0
0
0
0
0
0
0
0
0
0
5,5
0
0
0
0
0
0
0
0
0
0
0
1
0
0
0
0
0
0
0
0
0
0
0
0
4
0
0
0
0
0
0
0
0
85,85
0
0
0
0
0
0
0
0
1,1,1
0
0
0
0
0
0
0
0
0
0
0
0
0
0
0
0
0
0
0
1
0
0
0
76
0
0
0
0
0
0
0
0
0
0
0
0
0
0
1,1
0
0
0
0
0
0
0
0
0
0
0
0
0
0
0
3
0
0
0
0
0
0
9,9,9,9
1,1,1
0
0
0
0
0
0
0
0
0
0
0
0
0
0
0
0
85
1,1
0
0
0
0
0
0
0
0
0
0
0
0
0
0
0
0
0
0
0
0
1
0
0
0
0
0
0
0
0
0
0
0
0
0
1,1,1
15,15
0
1,28,28,28,1,1,28,64,28,28,1,1,1,1,1,1
0
0
0
0
0
88
0
0
0
0
0
0
1,1,1
0
0
1,1,1
0
1,1
0
0
0
0
0
0
1,86,86,64,64,1
0
0
0
0
85,85,85,85,85,85,85,85,85
0
0
0
0
0
0
0
0
0
1,1
0
0
0
0
0
77,77,77
0
0
0
0
0
0
0
0
0
1,1,1
1,1,1
0
0
9,9
0
0
0
0
0
1,1,1,1
0
1,1,1,1
0
1
0
3,3
0
0
0
3
0
0
16
0
0
0
32,1
0
1,1
0
0
0
8,8
0
0
6,3,6,3,6
0
0
0
1
0
0
0
0
0
0
0
8
0
3,3,3,3,3
0
9,9
0
0
0
0
0
1,1
0
1,51,1,1,51,1
0
0
0
0
0
0
0
0
64
52
0
0
0
0
0
0
9,9
0
0
0
0
9
0
0
0
1
0
1,1
0
0
0
0
0
0
0
0
0
0
0
0
0
0
0
0
0
0
1,1,1,1,1,1
3,3
0
0
0
0
0
0
1
0
0
1,1
0
0
0
0
0
0
0
0
0
0
0
15,1,1,1
0
0
1,1,1
0
0
1
0
0
0
0
1,1,1,1,1,1,1,1,1
6,6
1,1,1,1,8
0
0
0
0
0
0
86
0
1,1,1
1,1
0
0
0
0
0
0
0
16,16,16,16,16
0
0
0
0
28,28,28,1,1,28,28,28,28,28,1,1,28,1,28,28,1,28
0
0
1
0
0
0
0
0
1,1
0
1
0
0
0
0
0
0
0
0
0
0
0
0
0
1,1
64,64,64,64,64
0
16
0
0
0
0
0
0
0
1,1,1
0
0
0
0
0
0
3,3,3
0
0
0
28,28,28
0
0
0
0
0
8
0
7
0
0
0
0
0
0
0
0
8,8
0
9,9,9
0
0
0
0
0
0
9
1,1,1,1,1,1
0
0
0
1
0
1,1,1,1,1,1,1,1,1
0
0
0
0
0
0
0
1,1
0
0
0
0
0
0
0
0
0
0
1,1
0
44
0
0
0
0
0
0
0
0
0
0
0
7
0
0
0
1,1
0
1
0
0
0
0
0
0
0
0
0
0
0
0
0
0
0
0
0
3,3
0
0
0
0
0
0
1,1
72
0
0
0
0
0
0
0
0
0
0
0
0
0
0
5
1,1,1
19,19
0
0
0
0
0
0
0
0
0
0
0
0
0
0
1,1
0
0
0
0
3,3,3
0
0
0
0
0
0
0
0
0
0
0
0
0
0
0
0
0
0
0
0
0
0
0
0
0
0
1
0
0
0
0
0
0
0
1,1
0
0
0
0
0
1
0
0
0
0
0
21
0
3
0
86
0
32,1,1
0
1
0
1,1
0
0
6
0
0
0
0
0
0
0
0
0
31
1,1,1,1,1
0
0
0
0
0
0
0
0
1
0
0
0
0
0
0
0
0
0
0
0
0
88
0
0
0
0
0
0
0
0
0
0
0
0
0
0
0
0
38,38,38,38
0
8,8
1,1,1
0
0
0
0
0
0
0
0
0
0
41,16
0
19,19,19,19
0
0
0
85
0
0
0
0
0
1
0
0
0
0
0
0
0
0
0
0
1
0
0
0
0
0
22
0
0
0
0
0
0
0
0
0
40
8
0
0
0
0
0
0
0
0
0
0
44,44,1,1,44,44
0
0
8
0
0
0
0
0
0
0
1
0
0
0
0
0
0
0
0
0
0
1,1
0
0
0
0
0
0
0
0
0
28,28
0
1,1
0
0
0
0
0
0
0
44
0
76,76,76
0
0
0
0
0
0
85,85
0
0
0
0
0
0
0
0
0
0
0
0
0
0
1
0
0
1
0
0
0
0
0
0
0
0
0
0
0
0
0
0
0
0
0
0
28
0
32,32,1,1
0
0
0
0
0
0
0
0
0
0
0
0
0
0
2,28,2
0
0
0
0
0
0
0
0
0
0
0
0
0
0
0
0
0
0
0
0
0
0
0
0
0
0
0
0
0
0
0
0
0
0
0
0
0
0
0
0
8
0
0
0
0
1,1,1,1,1
0
0
0
1
0
0
0
0
0
0
0
0
0
0
0
0
0
0
5
0
0
0
0
0
0
0
0
0
0
0
0
0
0
0
0
0
8
0
0
0
0
0
0
0
0
0
0
0
0
0
0
1,1
0
0
0
0
0
0
0
0
0
0
0
0
56
0
0
1,1
3
0
0
0
0
0
1
0
0
0
0
0
0
0
0
0
0
0
0
0
0
1
0
0
0
0
0
1,1,1,1,1
0
1,1,1,3,1,1,1,1,1,1,1,1,1
0
0
0
0
0
0
0
0
1,1
0
0
0
0
0
0
0
0
0
0
0
0
0
0
0
0
0
0
1,1
1,1,1,1,1
1,1,1
0
0
50,50,50,50,50
0
0
0
0
0
0
0
7
0
0
0
0
0
0
0
0
0
3,3
0
0
0
0
0
0
0
0
0
18
0
0
0
0
0
0
0
0
0
0
0
0
0
0
0
0
0
0
0
0
0
0
0
1,9
0
0
0
0
0
0
0
0
1,1
8
0
0
0
0
0
0
0
0
0
0
1,1,1,1
0
0
3
0
0
0
0
0
0
0
0
0
0
0
0
0
0
0
0
0
0
0
0
0
0
0
28,28,28,28,28,28,28
0
0
0
8
0
0
85,85,85
0
0
0
0
0
0
0
0
0
0
0
0
0
0
0
0
6
3
0
0
77,77,77
0
0
0
7
0
0
1,1,1
0
1,1,1,1
0
0
0
0
0
0
0
3,3
0
3
0
0
0
0
0
0
0
0
16
0
1,1
0
0
1,1,1,1,1,1,1,1
0
0
0
0
0
0
0
0
0
0
0
0
1,1
0
0
0
0
16
0
0
0
0
0
0
0
0
0
0
0
0
0
0
0
0
0
0
0
1,1,1
0
0
0
0
0
0
0
0
1
0
0
0
0
0
0
0
0
0
0
0
0
0
3
0
0
0
0
0
0
0
0
0
0
0
0
0
1
0
0
0
0
0
1,32,1,32,1,1,32
0
0
0
0
0
1,1
0
0
0
0
0
0
0
0
0
0
0
0
0
0
6
0
0
0
3
0
0
1
0
0
1,1,1,1,1,1,1,1,1,1,1
0
3
0
0
0
0
0
0
0
0
3,3
0
0
0
0
9,9,9,9,9
0
0
0
0
0
0
3
0
0
0
0
0
0
0
0
0
0
1,1
0
0
1
0
0
0
0
6,3,6,3
0
0
0
37,37,37
0
0
3,3,3
24
1,1,1,1,1,1,1,1,1
0
0
0
0
85,85
0
0
0
1,1
0
0
0
0
1
0
0
0
0
0
3
0
0
0
1,1
0
0
3,7
0
0
0
0
0
0
0
0
0
0
0
1
0
0
0
0
1
0
0
0
0
0
0
0
0
0
0
0
0
0
0
0
0
0
0
0
0
0
1,1
0
0
0
0
1,1,1
3
0
0
0
0
0
0
0
0
0
1,1
0
0
0
0
0
0
1,1
0
0
16,16
0
0
0
0
0
0
0
0
0
0
0
0
0
0
0
0
0
0
0
0
0
0
0
0
0
0
0
0
0
78
3,3
1
0
0
1,1,1,1,1,1,1,1
0
0
0
0
0
0
0
0
0
0
8,8,8
0
0
0
0
0
0
0
0
0
0
0
0
0
0
0
0
0
16
0
0
0
0
64
0
0
0
37,1,37,1
1,1,1,1,1
0
1,1,1,1,1,1,1
0
0
0
0
0
0
0
0
0
0
0
0
0
0
0
0
0
1,1,1,1
0
0
0
0
0
0
0
0
0
0
0
0
0
1,1,1
0
0
0
0
0
0
0
0
0
1,1
38
0
0
0
0
6,6
0
0
0
0
0
0
0
0
0
0
0
0
0
0
0
0
0
0
0
1,1
0
0
0
1,1
0
0
0
0
0
0
0
0
0
0
0
0
0
0
1,1,1,1,1,1
0
0
0
0
0
0
0
0
0
0
0
0
0
0
0
3,3,3
0
0
0
0
0
0
0
0
0
1,1,1
0
0
0
0
0
0
0
0
0
0
0
1,1,1,1,1,1,1,1,1,1,1,1,1,1
0
0
0
0
0
0
0
0
0
0
8
1,1,1,1,1,1
0
0
1
0
0
0
0
0
0
0
0
0
0
0
0
0
0
0
0
0
0
0
1,1
0
0
85,85
0
0
0
0
0
0
1,1,1,1,1,1,1,1
0
0
0
0
0
0
0
0
53,53,53,53,53,51
0
0
1
0
0
0
1
0
0
0
0
32,32,32,1,32,1
0
0
0
0
0
0
1
0
0
3,3,3
0
1,1
0
15,15,15,15
0
0
0
0
73
0
0
0
0
0
0
0
0
0
0
0
0
0
0
86
0
0
0
0
0
0
0
3
0
0
0
0
1
0
0
0
0
0
0
0
0
0
0
0
0
0
0
0
0
0
0
0
0
0
53,53,53,53,53
1
0
0
0
1
1
1,1,1,1
0
0
1,1,1,1
0
0
0
0
0
0
0
0
3,3
0
0
0
0
0
4,4,1,4,4,1
0
0
0
0
0
0
32,1,1,32
1,1
0
0
0
0
0
0
0
0
0
0
0
0
0
0
1,1,1,1,1
0
0
0
0
0
0
0
0
0
0
0
0
0
0
1
0
0
0
77,77
0
0
0
1
0
0
0
3
0
8
0
0
9
16
0
0
0
0
0
0
0
0
0
0
1,1,1,1,1,1,1,1,1,1,1,1
0
0
0
0
85
1,1
0
0
0
0
0
3
0
0
0
0
85,85
1,1,1
0
0
0
0
0
0
0
0
0
0
0
0
0
0
1
1,1,1,1,1,1,1,1,1,1,1,1,1,1
0
0
0
0
0
0
0
0
0
0
0
0
0
0
0
0
0
0
0
0
0
0
0
0
0
0
0
0
0
0
0
0
0
0
0
0
1,1,1
0
0
0
1
1,32,1
0
0
0
1
0
0
0
86,86
0
64
0
1
0
0
0
0
0
6
0
8
1,1
0
0
0
0
0
0
0
1
0
0
0
0
1,1,1,1,1
0
0
0
0
0
0
0
8
6,6,6,6,6,6,6,6,6
0
0
0
0
0
72
0
0
0
85
0
0
0
0
0
0
0
0
0
0
0
0
0
0
0
0
0
1
0
0
1
0
0
0
0
0
3
0
0
0
0
0
0
0
44,44
0
0
1,1
0
0
0
0
0
0
0
0
0
0
0
3,3,3,3
0
0
0
0
0
0
0
1,1,1,1,1,1,1,1,1,1,1
0
0
0
0
1,1
0
0
0
85,85
0
0
0
0
0
0
0
3,3
0
0
0
0
0
0
0
0
0
0
0
7
0
0
0
3,3,3,3
0
0
0
0
0
0
1
0
85
0
0
0
0
0
1
0
0
0
0
0
0
0
0
0
0
18
0
0
0
0
0
0
0
0
3
0
0
0
0
0
0
1
0
0
1,1,1,1,1,1,1,1,1
0
0
1
0
1
1,1,1
0
0
0
0
0
0
0
0
0
0
0
0
0
0
0
0
1,1,1,1,1
0
0
0
3,3
0
0
0
0
0
0
0
0
0
1,1
0
0
0
0
0
0
0
0
21,1,21
0
0
0
0
0
0
0
0
0
44,44,44,44,44,44,44,44,44,44,44,44,44,44,44,44,44,44
0
0
0
0
0
0
0
0
0
0
0
0
0
0
0
0
1,1
0
1,1
0
0
64
0
0
0
0
0
0
0
0
0
1
0
0
0
64,64,64
0
0
0
0
0
0
0
0
0
3
0
0
0
0
0
0
0
72,72
0
0
3
0
0
0
0
16,16,16
0
0
0
3,3,3,3,3
3
1,1,1,1,1,1
0
0
0
0
0
0
0
0
32,32,1,1,32,32,1,32,1,1,1
0
0
0
54
0
7
0
0
0
0
0
5
1,1,1,1,1,1,1,1,1
0
1
0
0
0
1,1
1,1,1,1
0
0
0
0
0
16
3,3,3
1,1,1,1
0
0
0
0
0
0
1,1
0
0
0
17
0
0
0
0
0
0
0
0
0
0
0
16,16
0
0
37,37
0
0
0
0
0
1
0
0
0
1,1
0
0
0
0
0
0
0
0
0
0
1
0
0
0
0
0
0
0
1
0
0
0
0
0
0
0
1,1,1,1,1
0
0
0
0
1,1,1,1,1
0
0
3,3
1
1
0
0
0
0
0
0
0
0
1
0
0
0
1,1,1
0
0
0
1,1,1,1
10,10,3,3,10,10,3,10
0
0
0
0
0
0
1
0
3,3,3,3
0
0
0
0
0
51
0
0
0
0
0
0
0
0
0
0
0
1,1,28,28,28,1
0
0
0
0
0
0
0
0
0
0
19,19
0
0
0
0
1,1
0
0
0
0
0
0
0
0
0
0
0
0
0
0
0
0
0
0
0
0
0
3,3
0
0
1,1,1
0
0
0
0
0
0
0
0
0
0
0
0
0
0
0
0
0
0
6
0
1
0
0
0
0
0
0
0
0
0
0
0
0
0
0
0
0
0
0
0
0
0
0
0
0
0
0
0
0
0
0
0
0
0
0
0
0
0
0
3
0
0
0
28
0
0
0
0
0
0
1
0
0
0
0
0
0
0
0
0
0
0
0
0
0
0
1,1,1,1,1,1,1,1,1,1
0
0
0
0
0
1,1
0
0
0
0
0
0
0
1
0
0
0
0
1,1,1,1,1,1,1,1,1
0
0
0
0
0
1
7
0
0
0
0
0
0
0
0
0
0
0
0
0
0
0
0
0
0
0
1,1
1,1
0
0
0
0
0
0
86,86
51
0
1,1
16,16
0
0
0
0
0
0
0
0
0
85
0
0
0
89
0
0
0
0
1,1,1,1,1
0
0
0
0
0
0
0
0
0
0
0
0
10
0
0
0
0
0
0
0
0
3
0
1
0
15
0
0
0
6,6
0
0
0
0
0
0
0
1,1
0
0
0
0
0
0
0
0
1
0
0
0
0
0
0
0
0
0
0
0
0
0
0
0
3
0
0
0
0
0
0
0
0
0
0
0
0
0
0
1,1
0
0
0
0
0
0
0
0
0
0
1
0
0
0
0
0
1,1,1,1,1
0
0
9
85
0
0
0
0
0
0
0
0
0
0
0
0
1,1,1
0
0
0
0
0
0
0
0
3,3
0
2
0
0
0
1,1,1,1,1,1,1,1
1
0
0
0
0
0
0
0
0
0
0
0
0
8
0
0
0
0
0
16
0
0
0
0
0
8,8,8
0
0
0
0
0
0
0
0
0
0
0
0
0
16,16
0
0
0
0
0
0
9
0
0
0
0
0
0
0
1,1,1
1
0
0
0
0
0
0
0
0
0
0
0
0
0
0
6
0
0
0
0
0
0
0
0
0
1,1,1,1,1,1
0
0
0
0
0
0
1
0
0
1,1
0
8
0
0
0
0
0
0
0
0
1,1
0
0
0
0
0
0
0
0
0
1,6,1
0
0
0
0
0
0
0
3
0
9,9,9
0
1
0
1
0
0
1
0
0
0
5
0
0
0
0
0
0
3
0
0
0
0
0
0
0
0
0
0
0
0
0
0
0
0
0
0
0
0
0
1,1,1,1,1,1,1
0
0
0
0
0
1
0
0
0
0
0
0
0
0
0
0
0
0
0
0
0
0
0
0
0
0
0
0
0
0
0
7
0
0
5,5
0
3,3
0
0
0
1,1,1,1,1
0
1
0
0
0
0
0
0
0
0
0
0
0
0
0
0
0
0
0
0
0
0
0
8
0
0
0
0
0
1,1
0
0
0
0
0
0
0
0
0
0
0
0
0
0
0
0
0
0
0
0
0
5
0
0
0
0
0
0
0
0
0
16
0
3
0
0
0
0
0
1
0
0
0
0
0
7
0
1
0
0
0
0
16
0
0
0
0
0
0
9,9
0
0
0
0
0
0
0
0
0
1,1
0
3
0
0
0
0
0
0
1,1,1,1,1,1
0
0
0
0
0
0
0
1,1
0
0
0
0
0
0
0
0
0
0
0
0
0
1,1,1,1,1,1,1,1,1,1,1
0
0
0
0
0
1,1,1,1,1,1
0
0
0
0
9,9
0
0
0
0
0
32,1,32,32,1
0
0
0
0
0
0
0
0
0
0
0
0
0
0
0
0
0
1,1,1,1,1,1,1,1,1,1,1,1,1,1,1,1
0
0
0
0
0
0
0
0
0
0
0
0
0
0
0
0
0
0
0
0
0
0
0
0
0
1,1,1,1,1
0
1,1,1
0
0
0
0
0
0
0
0
0
0
0
28,28,28,28,28,28,28,1,28
0
3
0
0
8,8
1,1
0
0
0
0
0
0
28,28,28
0
0
0
0
77,77
0
0
0
0
0
0
0
0
1
38,38
0
0
0
0
0
1,1,1
0
0
44,44,44
0
0
1,1,1,1,1,1,1,1
0
1,1,1,1,1
0
0
0
0
0
0
0
0
0
0
0
0
0
7
0
0
0
0
0
75,75
10,10,10,10,10,10,10,10
1
0
0
0
0
0
0
0
0
0
61,61,61,61
0
0
0
0
0
0
0
0
0
0
0
0
0
0
0
0
0
0
0
0
0
0
0
0
0
0
0
0
0
0
0
0
0
0
0
0
0
0
0
0
0
0
0
0
0
7
0
32,1,32,32
0
0
0
0
0
0
0
0
0
0
0
0
0
0
0
0
0
3,3
0
0
0
0
0
0
0
0
0
0
0
0
0
0
0
0
0
1
15,15
0
0
0
0
0
0
9
1
0
0
0
0
0
0
0
0
0
0
0
0
0
0
0
0
0
0
0
0
0
1,1,1
0
17
0
0
0
6
0
0
0
0
1
0
0
0
1
0
0
0
0
0
0
0
0
1,1,1,1
0
0
0
0
0
0
0
0
0
0
0
0
0
0
0
0
0
0
0
0
0
0
0
0
0
0
0
0
0
0
0
0
0
0
0
0
0
0
0
85,85,85,1,85,1,85
0
3
0
0
0
0
0
0
0
0
0
0
0
0
0
0
0
0
0
0
0
0
0
0
0
0
0
0
0
0
0
0
28
0
0
0
0
0
0
0
0
0
0
0
0
0
0
0
0
0
0
0
0
0
0
0
0
0
0
3
0
0
0
0
1
0
0
0
0
0
0
3
0
0
0
0
0
0
0
0
0
0
0
0
0
17
0
0
0
0
15
0
0
0
0
0
0
0
0
0
0
0
0
46
0
3
0
0
0
0
0
0
0
0
0
0
0
1,1
0
0
1
0
0
0
0
0
0
0
1
0
1,1
0
0
0
0
1
0
86,86
0
0
0
0
0
0
1
0
0
0
0
0
0
1,1
0
0
0
0
0
1,1,3
8
0
0
1
0
0
0
0
0
0
0
0
0
0
0
1,1
0
0
0
0
0
0
1,1
0
0
0
9
1,1
0
0
0
0
9
18,18
0
0
0
0
0
0
0
0
0
0
0
0
0
0
0
0
0
0
0
0
0
0
0
0
0
0
0
0
0
0
0
9,9,9,9
0
0
0
0
0
0
0
0
0
0
0
0
1,1
0
0
0
0
0
0
64
0
0
0
0
0
0
0
0
0
0
3,3
0
0
0
19,19
28,28,28,28,28,28,28,28,28,28,28
0
0
0
0
0
0
0
47
0
0
0
0
0
5,5
0
1
0
0
0
16
0
0
0
3,3
16,16,16
0
0
0
0
0
0
0
1,1
0
0
0
0
0
0
0
0
9,9,9,9,9
1,1,1
0
1,1,1,1
1,1,1,1,1
0
0
0
0
0
0
0
3,3
0
0
0
0
0
0
0
0
0
0
0
0
0
0
0
0
2,2,2,1,1
0
0
0
0
0
0
0
0
0
0
44,44,44,44,44,44,44,44,44,44,44,1,44,44,44,44,44,44,44
0
0
0
0
0
0
0
0
0
0
0
0
0
0
0
0
0
0
0
0
1
0
0
0
0
0
0
0
0
0
0
0
1
0
0
0
0
0
0
0
0
0
0
0
0
1
0
0
1,1,1,1,1
0
0
0
0
1
0
0
0
0
0
0
0
0
0
0
0
0
0
0
0
0
0
0
0
28
0
0
0
0
0
0
0
0
0
0
0
7,7,7
0
0
0
0
0
0
0
0
0
0
28
0
0
0
0
0
0
0
0
20,20
0
0
0
7
0
0
0
0
0
0
0
1,1
0
0
64,64
1,1
0
0
0
1,1,1,1,1
0
0
0
0
0
0
15
0
0
0
0
22
6
0
0
0
0
0
0
0
0
0
0
0
0
0
0
0
0
0
0
0
0
0
0
0
0
0
1
8
0
0
0
0
0
0
0
0
0
0
0
0
0
0
0
0
0
0
0
0
0
0
0
0
0
0
0
0
0
0
0
0
0
0
0
0
0
1
0
0
0
0
6
0
0
0
0
0
0
0
0
0
0
0
0
0
0
0
0
0
0
0
0
0
0
0
0
0
0
0
1
0
0
0
0
0
0
0
0
0
0
0
0
0
0
77,77
0
0
0
0
0
0
0
0
0
0
0
0
0
3,3
0
0
0
1
0
1,1,1
0
0
62,62,28,28,28
0
0
1
0
0
0
0
0
0
0
0
0
0
0
0
0
0
0
0
0
0
1
0
0
1
0
0
0
0
0
1
0
0
0
0
0
0
0
0
0
0
0
0
0
8,8
0
3
0
0
0
0
1,1,1
0
0
0
0
1,1,1,1,1,1
0
0
0
0
0
0
0
0
1
0
0
0
0
0
0
0
0
8
0
0
0
1
60
0
0
0
0
0
0
15,1,1,15
0
0
0
0
0
0
0
0
0
0
0
1,1,1
0
0
51,51,51,51
0
0
1
0
0
0
0
0
0
0
0
0
9
1,1,1
0
0
0
0
0
0
0
1,1,1,1
9,9,9
0
0
0
0
0
0
0
0
0
0
0
0
0
0
0
0
0
0
0
0
1,77
4
1,1,1,1
0
0
0
0
0
0
0
0
0
0
1,1,1,1,1,1,1
0
1,1,1,1,1,1,1
1,1
0
47
0
0
0
1
1,1,1
1
0
0
1,1,1
0
0
0
44
0
0
1,1,1,1
0
0
3
0
0
0
0
0
0
1,1,1,1,1
0
0
0
0
0
0
0
0
0
0
0
0
0
0
0
0
0
1
0
0
0
88
0
0
0
0
0
0
0
0
0
0
0
0
0
85,85
0
0
0
0
0
0
0
0
0
0
0
0
17
0
0
28
0
4,4
0
0
0
0
0
0
0
1,1
0
0
72
3
0
0
0
7
0
8,8
0
0
0
0
0
0
0
0
0
0
0
0
85
0
0
0
0
0
0
0
0
0
57,57,57,57,57,57
64
0
0
0
0
0
0
0
0
0
0
0
0
5
0
0
1,31
1,1
0
0
0
0
0
0
3
0
16
0
0
1,1
0
3
1,1
0
0
0
0
0
0
0
0
0
0
0
0
28,2,28,28,28,28,28,28,28,28,28,28,28,28,28,28,28,28,28,28,28,28,28,28,28,1,28,28
0
0
0
0
0
0
0
47,47
1
0
0
0
0
0
0
0
0
0
1
0
0
0
0
0
0
3
0
0
0
0
1
0
6
0
0
0
0
0
0
85
0
0
0
0
16
1,1,1,1,1,1,1
0
20,20,20,20,20,20,20,20,20
0
0
0
0
3
0
4
1,1,1,1,1,1,1
0
0
0
0
0
0
11
0
1
85,85,85,85,85,85,85
0
0
0
1,1,1,7
0
0
0
0
0
16,16,16,16,16
0
0
24
0
0
0
0
0
0
0
0
0
1
0
0
0
0
0
2,2,2,1
0
0
0
0
0
0
0
0
0
0
0
0
0
9,1,1,9
1,1,1,1,1,1,1,1,1
0
0
0
0
0
0
3,3,3
0
0
0
0
0
1,1
0
0
0
1,1,1,1,1,1,1,1
0
0
0
0
0
0
0
0
0
0
0
0
0
0
0
8,8
0
8
0
0
0
0
0
1,1,1,1,1
0
28,28
0
0
0
0
0
0
0
3,3,3,3
0
0
0
64,64
0
0
0
0
0
0
0
0
0
0
0
0
0
0
0
1,1
0
0
0
0
0
0
5
0
0
0
0
88,88,88
1,32,1,32,32,1,1,32,1,1,1,1,32,1,1,32,1,1,1
0
16
0
0
0
3
0
9
0
0
0
54,54,54,54,54,54,54,54,54,54,54,54,54,54,54,54,54,54,54,54,54,54,54,54,54,54,54,54,54,54,54,54,54,54
0
0
0
0
9
3,3,3,3,3,3
0
0
0
17
1,1,1,1,1,1,1
0
0
1,1,1
3,3
0
0
0
1
0
0
1,1
0
0
0
0
0
0
0
0
0
0
0
1,1,1,1,1,1
3,3,3
0
0
0
0
0
0
0
0
0
0
0
0
0
0
0
0
0
1,1
0
0
0
0
0
0
1,1
0
0
0
1
0
0
0
0
1
0
0
0
0
0
0
0
0
0
0
0
0
0
0
17
0
0
0
0
6
28,28
0
0
0
0
0
0
0
0
0
0
7
47
0
0
0
0
0
0
0
0
0
0
1,1,1
0
0
0
0
0
0
0
0
0
0
0
0
0
1
64,64
0
0
0
3,3
0
0
0
0
0
0
0
0
0
0
0
0
0
0
0
0
0
0
4
0
0
0
0
0
0
0
0
0
0
0
8
0
0
6
0
0
0
0
0
0
0
0
0
0
0
0
0
0
0
0
0
0
0
0
0
0
0
0
0
6,6
0
0
1,32
1,1,1
19
0
0
0
0
0
0
0
0
0
0
0
32,32,32,1,32
0
0
0
0
0
0
0
0
0
0
0
0
0
0
0
0
0
0
0
0
0
0
0
0
0
0
0
0
0
0
0
1,1,1
0
44
0
0
0
0
0
0
0
0
0
0
0
0
0
0
0
0
0
0
1,1
64,64
0
0
0
0
0
0
0
1,1
0
0
0
0
0
0
0
0
0
0
9
7
0
0
0
0
0
0
0
0
0
0
0
0
0
0
0
1
0
0
1,1,1
0
0
0
0
0
0
0
0
1,1,1,1,1,1,1
61
8
0
0
6
0
0
0
0
0
0
0
0
0
0
1,64,1,1,64,1
0
0
0
0
0
0
0
85,85
0
0
0
0
0
0
28
0
0
51
0
0
0
0
1,1,1,1
0
5
0
0
0
0
0
16,16
0
0
0
1,1
28,1,28,1
0
0
0
1
0
8
0
0
0
0
0
0
0
0
0
0
0
0
0
0
1
0
0
0
0
0
0
0
0
0
0
1,1,1,1,1,1,1,1
0
0
0
0
0
0
0
0
0
0
0
86
0
0
0
1,1
0
0
0
0
0
0
0
0
0
0
1
1,1,1
0
0
0
0
16,16
0
0
0
0
0
0
0
0
0
0
0
0
0
0
0
0
0
0
0
0
3
0
0
0
0
0
0
0
0
0
0
0
0
0
57,57,57,57,57,57,57,57
0
0
0
1,1,1
0
0
0
0
0
0
0
0
0
0
0
0
3,3,3
0
3,3,3,3
0
0
0
0
0
0
0
0
0
0
0
0
0
1,1
0
0
0
0
0
0
0
0
0
0
0
0
0
0
0
0
0
0
0
0
0
0
0
0
0
0
9
0
0
16
0
1,1
0
0
0
0
9,9
0
1
0
0
5
1,1
0
0
0
0
0
0
32,1,32
6,6,6,6
0
0
0
0
0
0
0
0
74
0
0
0
0
0
0
0
0
0
0
0
0
1
64,1,1,1
0
1,1,1
0
0
0
0
0
0
0
0
1,1,1,1,1,1
0
0
0
0
0
6
1,1,1
0
1
0
0
8
0
0
0
0
0
0
0
5
0
0
0
1
0
1
0
0
0
0
3,3,3
0
0
1,1,1
0
0
0
0
0
0
0
0
0
0
0
0
0
0
0
0
0
0
0
86
0
0
86
1
0
0
0
0
0
0
0
0
0
0
0
0
0
85
1,1
0
0
0
0
0
0
0
0
0
0
0
0
0
1
0
0
0
0
0
0
0
0
0
0
44,44,44
0
0
1,1,1
0
73
0
0
0
0
0
1,1,1
0
0
0
0
0
3,1
0
0
0
0
0
8
0
0
0
0
0
0
0
0
0
0
0
0
1,1,1,1
0
0
0
0
0
1
0
0
0
1,1,1,1,1
0
0
0
0
0
0
0
0
9
1
0
0
0
0
0
0
1,1
0
1
0
0
0
0
0
1,1
0
7
0
0
0
1,1,1,1,1,1,1,1,1,1,1
0
0
0
1,1,1,1,1
0
0
0
1
0
0
0
1,1
0
0
0
0
0
0
0
0
0
0
0
1
0
0
0
0
0
0
0
0
38,38,38,38,38
0
0
0
0
0
0
0
0
0
0
0
0
0
1
1
0
0
0
0
0
0
0
0
0
86
9
1,1,1,1,1,1,1,1,1,1,1,1,1,1,1,1
0
0
0
0
0
0
0
0
0
0
0
0
0
0
0
0
1
0
1,1,1,1
0
1,1,1
0
0
0
0
0
0
0
3,3,3
0
0
0
0
0
0
0
22,22,22
1
0
0
0
0
0
0
0
0
0
0
0
13,13,13
0
0
0
0
0
0
0
0
0
64,64
0
0
0
0
16,16,16,16,16,16,16,16,16
0
0
1
1,3,3
0
0
0
0
0
0
0
0
1,1,1
0
0
0
0
0
0
0
0
0
0
0
0
0
0
0
1,1
0
0
0
0
0
0
0
0
1,1,1
0
0
0
1,1,1
0
0
0
0
0
0
1
0
0
1
0
0
0
0
0
0
0
0
0
0
0
0
0
1,1,6,6
0
0
0
0
0
0
0
0
0
0
0
0
0
0
9,9
0
0
1,1,1,1
1,1,1,1,1
0
0
0
0
0
0
0
0
0
16,16,16
16,16
0
0
0
3,3
52,52,52
0
0
0
0
0
14,14
0
0
0
0
87,87
0
1,1,1,1,1
0
1
0
0
0
0
0
0
0
0
0
0
0
0
0
0
0
0
0
0
0
0
0
86,86
0
0
0
0
0
0
0
0
0
3
0
3
0
0
0
0
0
0
0
0
0
0
3,3
0
0
0
8
0
0
0
0
0
0
0
0
0
0
0
0
6
1
0
0
3
0
0
0
0
0
0
0
0
0
16,16
0
0
0
86
0
16,16,16
0
0
0
0
0
0
3
0
0
0
0
0
0
0
0
0
0
0
0
0
0
0
0
0
0
0
0
0
0
0
0
0
0
0
0
0
0
0
0
0
0
0
0
0
0
0
0
0
0
0
0
0
0
0
0
1,1,1
0
0
0
0
0
0
0
0
0
0
0
0
0
0
0
0
0
0
0
0
1,1
8
0
0
0
0
0
0
0
0
0
0
0
0
0
0
0
0
0
0
1
0
0
0
0
0
0
0
0
0
0
0
0
0
0
0
0
0
0
0
0
0
0
0
0
0
0
0
0
0
0
0
0
0
3
0
0
0
0
0
0
0
0
0
0
3,3,3,3
0
0
0
0
0
1,1
1,1
0
0
1,32
0
0
0
0
47,47
1
0
0
0
0
0
0
0
0
0
1,37,37,37,37,37,37,37,1,37,37,37,1,37,37,1,1,37,37
0
0
0
0
0
0
0
0
0
0
0
0
0
0
0
0
0
3,3
0
0
1
0
0
0
0
0
0
0
1,1
0
0
1
0
0
0
0
0
8
0
1
0
0
0
0
0
28,28,1
0
0
0
10,10
0
0
85,85
0
0
0
0
1
0
0
0
0
9,9,9,9
0
1,1,1,1,1,1,1,27,1,1,1
0
0
0
0
0
28,28
0
85
0
0
0
0
0
0
0
0
0
0
1
0
0
3
0
0
0
0
0
0
0
0
0
0
0
19
0
3,3,3,3,3,3,3,3,3,3,3,3,3,3,3,3,3,3,3
0
0
0
1
0
0
0
0
0
1
0
1
0
0
0
0
0
0
0
1,1
0
1
1
0
0
0
0
0
0
0
0
0
0
0
0
0
0
0
0
3,3
0
0
9
1,1,1,1,1,1,1,1,1,1,1
0
1
0
0
0
0
28,28,28,1,1,28,28,1,28
0
0
47
0
0
0
0
0
8
0
0
0
1,1,1,1
0
16,16
0
1,1
7,7
0
0
0
1
0
0
1,1,1
0
85,85,85
0
0
0
1,1,1,1,1,1,1,1
0
0
0
0
1
0
0
0
0
0
1,1
0
0
0
0
0
0
0
0
0
0
1
0
0
0
0
6,6
15,15,15
0
0
0
0
1
0
0
0
0
0
0
1
0
0
86
0
0
85,85
0
0
0
16,16
0
0
0
3
0
0
19,1,1
1
1
0
0
32,1,1,1,32,1
0
0
0
0
0
0
0
0
0
0
0
10
0
0
0
0
1
0
0
0
0
0
0
0
0
0
0
0
0
0
0
0
0
0
0
0
0
0
46,46,46
0
0
0
0
0
0
0
0
1,1,1,1,1,1
0
0
1
0
0
0
0
9
0
0
0
0
0
0
0
0
0
0
0
0
0
0
0
0
9
0
0
0
0
0
0
0
0
0
0
0
0
0
3
0
0
6,1
0
0
6
0
0
0
1,1,1
0
0
0
0
0
0
0
0
0
1,1
0
0
1,1,1
7
6
0
1
0
0
0
0
0
0
1
0
0
0
0
0
0
0
0
0
1,1,1,1
0
0
0
0
0
1,1
0
0
0
22
0
0
0
0
0
0
0
1,1,1
0
0
0
0
0
0
0
0
0
3
0
0
0
0
0
0
0
1
1
1
0
0
0
0
0
0
0
0
0
0
0
0
0
0
0
0
0
0
0
0
3
10
0
0
0
0
0
0
16
1
0
0
0
0
0
0
1
0
0
0
0
0
0
1
0
0
0
0
0
0
0
1
0
0
1,1,1,1,1
0
0
0
0
0
0
0
0
0
8
0
0
0
0
0
0
0
3
1,1
0
56
0
0
0
0
0
0
0
0
0
0
0
0
0
0
0
0
0
1,1
0
0
0
0
0
0
0
0
0
0
0
0
0
0
0
0
0
0
0
0
0
0
0
0
0
0
0
0
0
10
1
0
0
0
0
0
0
0
0
0
0
0
0
15
16
0
1,32
0
0
0
3,3
0
0
0
64
0
1,1
1,1,1,1
1,1,1,1,1,1,1,1,1
0
0
0
1,32,1,1,1,1,1,1,1,1,1,1
0
0
0
3,3
0
1,1
0
0
0
44,44
0
0
0
1
0
0
0
0
0
0
0
0
0
0
0
1,1,1
0
55
0
0
0
0
0
0
0
0
0
64,64,64,64
0
0
0
1,1
0
0
0
0
1,1
0
0
0
0
3,3,64,3,3
0
0
86
0
6,6,6
0
0
0
0
0
0
0
0
0
0
0
0
6
0
0
16
52
0
0
0
0
0
0
0
0
0
0
0
0
0
0
86,86,86
0
0
0
1
0
0
0
0
0
0
0
0
0
0
1,32
0
0
0
1
0
0
0
1
0
0
0
0
7
0
0
0
0
0
0
0
0
0
0
0
0
0
0
0
0
0
0
0
0
0
1
0
15
0
0
9,9
0
1,1,1,1
0
0
0
0
0
0
0
0
0
0
0
0
0
0
0
0
0
0
0
0
0
0
0
0
0
1,1,1,1,1
0
0
0
0
0
0
0
0
0
7
0
1
0
0
0
0
0
0
1
0
0
0
0
0
3,3,3,3,3
0
28,28,28,28,28,28,28,28,28,28,28,28,28,28,28,28,28,28,28
0
0
10,10
0
0
0
0
0
0
1,1
0
0
0
0
0
0
0
64,64,1
0
0
0
0
0
0
1,1,1,1,1,1,1
0
0
0
0
6
0
0
1
0
0
5,5
0
0
0
0
0
0
0
0
0
0
0
0
0
0
0
0
0
85
0
0
0
0
0
0
0
0
0
0
57,57,57,57,57,57,57,57,57,57,57,57,57,57,57,57,57,57,57,57,57,57,57,57,57,57,57,57
0
0
0
0
8
0
0
0
0
0
0
19
0
0
0
0
0
0
0
0
0
0
0
73
0
0
0
0
0
0
0
0
0
0
0
0
0
0
0
0
0
0
5
0
0
1
0
0
0
0
0
0
0
0
0
1
0
0
0
0
0
0
0
0
1
0
0
0
0
0
0
0
0
0
0
0
0
0
0
0
0
0
0
0
0
0
1,1,1,1,1,1,1,1,1,1,1,1,1,1,1
85
1
0
0
0
1,1
0
0
0
0
0
0
0
0
0
0
0
0
0
0
0
0
0
0
0
1,1,1,1,1
0
0
0
0
0
1,1
0
0
0
0
0
0
0
0
0
0
2,2,2,2,2
0
0
0
1
0
0
1,1,1,1
1
3
0
0
1,1
0
0
0
1,1,1,1,1,1,1,1,1
0
0
0
0
0
0
0
0
0
0
0
0
0
0
0
0
3
0
0
0
0
0
0
1
0
0
0
0
8
0
0
0
0
0
0
64
0
0
0
3,3,3
32,1,1
0
0
0
0
0
0
32,1,32
0
86,86
0
0
0
1,1,1
0
0
0
0
0
0
0
0
0
0
1
0
0
1,1
1,1
0
73
0
0
3,3,3,3
1
0
0
0
3,3,3,3,3
0
0
0
0
0
0
1,1,1
0
28
0
0
1,1,1
0
0
0
0
0
0
0
0
0
0
0
0
0
0
0
0
0
0
9,9
0
0
0
0
0
0
37
0
0
1
0
1,1,1
85
0
0
1,1,3
0
0
0
0
1,1
0
1,1,1,1,1
0
0
0
0
0
0
0
0
0
0
0
0
0
0
0
0
0
0
1,1,1,1
0
0
0
0
0
0
0
0
0
1
8
0
0
0
0
0
0
0
5
0
0
0
0
1
0
0
0
9,9,9,9
0
0
0
0
0
1,1,1
0
0
86,86
0
0
0
0
0
0
0
0
0
0
9
0
0
0
0
0
0
0
0
0
0
0
0
0
0
0
0
3
10,10
0
0
0
0
0
0
0
0
0
52,52,52
0
0
1
3,3,1
0
0
0
0
0
0
0
0
0
1
0
0
0
0
0
0
1
0
0
0
0
0
1,1,1
0
0
0
72
0
0
0
0
0
0
0
0
0
0
0
0
0
0
0
33,33,1,1,1,1,1,1,1,1
0
0
0
0
0
0
0
0
44
0
0
0
0
0
2,2,2,1,1,1,2
0
0
0
0
0
0
0
0
0
0
0
0
0
0
77,77,77,77
0
0
0
0
0
0
0
0
0
0
0
0
86
0
0
0
0
0
0
0
0
0
0
0
0
0
3,3,1
0
0
0
0
0
0
0
0
0
1,1
0
0
0
0
0
0
0
16,16,16,16,16
0
0
0
0
0
0
0
0
0
0
0
0
0
0
0
0
0
0
0
1,1,1,1,1,1,1
0
0
0
0
0
0
0
8
1,1
0
0
0
0
0
0
0
0
0
0
0
0
0
0
28,28
0
0
0
0
0
60,60,60,60,60,60,60,60,47,47,47,60,60,60,60
0
0
0
0
0
1
0
0
0
16,16,16
0
0
0
9,1,1
8
0
0
0
0
0
0
0
1,1
1
0
0
3
0
1,1,1,1,1
0
0
0
28,28,28,28,28,28,28,28
0
0
0
0
0
0
0
1,1
0
0
0
0
0
16,16,16
0
0
0
0
1,1
0
0
0
0
0
0
0
0
0
0
0
0
0
0
1
0
0
0
0
0
0
0
0
0
0
0
0
0
0
0
0
0
0
0
0
0
85,85,85,85,85,85,85,85,64,85,85,85
0
0
0
0
0
0
0
0
0
0
1,1
0
0
0
0
10
0
0
0
0
0
0
0
0
0
0
1
1
0
0
0
0
0
0
0
0
0
0
0
0
0
1,1
0
0
0
0
64
0
0
3
0
0
8
0
0
0
0
0
0
0
0
0
1,1,1
1
0
1,1,1,1,1
0
0
0
0
0
0
0
44,44
0
0
0
0
0
1
0
0
0
0
0
0
0
0
1,1,1,1,1
1,1
0
0
0
16,16
1
0
0
0
0
0
0
0
0
0
0
1,1
0
0
0
1
0
0
0
0
0
0
0
0
3
1,1,1,1
0
0
0
0
0
0
0
0
0
0
0
0
0
0
0
0
0
16
0
1,1,1,1,1,1
0
0
0
0
0
0
0
0
0
0
0
0
0
0
0
0
0
0
1,1,1,1,1
0
0
0
0
0
0
0
0
0
1,1,1
0
0
0
0
9,9
0
0
0
0
0
0
0
0
0
0
0
0
0
0
0
0
0
0
0
0
0
0
0
0
0
0
0
0
0
75
9
0
1
0
0
0
0
0
0
0
0
0
1
0
0
0
0
0
0
0
16,16,16,16,16,16,16,16,16,16
0
0
0
0
0
0
0
0
0
0
0
0
0
0
0
8
0
0
0
0
1,1
0
0
0
0
0
0
0
37,37,1,1,37,1
0
0
0
0
0
0
0
0
0
0
0
0
0
0
3,3
0
0
0
1
0
0
0
0
0
0
0
0
0
0
0
0
0
0
0
0
0
0
0
0
0
0
0
0
0
0
1
0
0
0
9,9
0
0
0
0
0
0
0
0
0
0
0
0
0
0
0
0
0
1
44,44,44,1
0
0
1
0
0
0
0
0
70,70,70
0
0
0
0
0
0
0
0
0
0
0
0
0
0
0
0
0
0
0
0
0
0
0
0
0
0
0
3
0
0
3,3,3,3
0
0
0
0
0
0
0
0
0
0
0
0
1,1,1,1,1
0
0
0
0
0
0
0
0
0
0
0
0
0
0
0
0
0
0
0
0
85,85
0
0
0
0
8
0
1,1,1
0
0
0
0
0
0
0
0
0
0
0
0
0
0
0
0
0
0
0
0
0
0
0
28
2,2,2
0
0
4
0
0
1
0
0
0
0
0
0
0
0
0
0
0
0
0
0
0
0
0
0
0
0
0
0
0
0
0
0
85,85
0
0
0
0
0
0
0
0
0
1
0
0
0
0
0
3,3,3,3,3,3,3,3
0
0
0
0
0
0
0
0
0
0
0
0
0
0
1,1,1
0
0
0
1,1,1,1
0
0
0
0
0
1
0
3
1,1
0
0
0
0
0
0
0
0
85
0
0
0
0
0
0
0
0
0
0
0
0
0
0
1,1
16
0
1,1,1,1
0
0
0
0
0
0
4
0
1
0
1,1
0
0
0
0
0
0
0
0
32,32,32,32,32
0
0
0
0
0
0
3
1
0
0
0
0
0
0
3,3
0
1,1,1
0
0
55,55,55,55,55
0
0
0
0
3,3,3
0
0
0
1,1
0
0
0
0
0
3,3
0
0
0
0
0
0
0
0
0
0
0
0
0
0
7
1
0
0
6
3,3
0
0
0
0
0
0
0
0
0
0
9
0
0
1,1,1,1
0
64,64
16
0
0
0
0
0
0
0
0
0
1,1
0
0
0
0
0
0
0
0
0
0
0
0
56
0
0
0
0
0
0
0
0
0
0
8,8
0
1
0
51,44,44,44
0
0
0
0
0
3,3,3
0
0
0
2,1,2,2,2,2,2,2,2,2,2,2,2,2,2,2,1,2,2,1,2,1,2,2,2,2,1,1,2,2,2,2,2,2,2,2,2,1,2,2,2
0
0
0
0
0
0
0
0
0
0
0
0
0
0
0
0
0
0
0
0
0
0
0
1
0
1,1,1
0
0
1,1,1,1,1
0
1,1
0
0
0
0
0
0
0
4,4
0
0
0
0
0
0
0
0
0
0
0
0
0
0
0
0
0
0
5,5,1,1,1
0
0
1
0
1,1
0
1
0
85,85,85,85,85
0
1,1,1,1,1,1
0
0
0
0
0
0
16
0
10
0
0
0
0
1
0
0
0
0
0
0
0
0
0
0
0
0
0
16,16
1
0
0
0
0
0
28,28
0
0
0
0
0
1,1,1
0
1,1
0
0
0
0
0
0
64,64
0
0
0
0
88
0
0
0
0
0
0
18,18
0
0
1,1
1
0
0
0
0
0
0
0
0
0
0
0
0
0
0
0
0
0
0
0
64,64,64,64
1
0
0
0
0
0
0
0
0
1
0
1
0
0
16
0
0
0
0
0
0
0
0
0
56
0
1
0
0
0
0
0
0
0
0
0
0
0
0
0
0
1
0
0
0
0
1,1
0
0
0
0
0
0
0
3
0
0
0
0
0
0
0
1,1,1
0
0
0
1
0
0
1,1,32
0
0
0
0
0
0
0
0
0
0
0
1,1,1,1,1,1
0
0
0
0
0
0
0
0
0
0
0
0
0
0
0
0
0
1
0
0
0
0
6
0
1,1,1,1,1,1
0
0
0
0
0
0
0
0
0
0
0
0
1,1
32,32,1,1
0
16
19,19
1
0
0
0
0
0
1
0
0
0
0
0
0
0
0
0
0
0
0
0
0
0
1,1,1,1
0
1,1,1,1
0
0
1
0
0
0
0
1,67
0
0
0
0
0
0
0
0
1,1,1
0
0
0
0
0
0
1,1,1,1,1,1,1,1,1,1
0
0
0
1
77,77,77
0
0
1,1,1
3
0
0
0
0
0
0
3
1,1
0
0
0
0
0
0
0
0
0
3,3
0
0
85
0
0
0
0
1,3,1
1
0
0
0
0
0
0
0
0
0
0
0
0
1
0
0
60
0
0
7
0
0
1
0
0
0
0
0
0
0
0
0
0
18
0
0
0
0
0
0
8,8,8
0
1
0
0
0
0
1,1
0
0
0
3
1
0
0
0
0
0
0
0
1,1
0
0
0
0
0
0
0
0
0
0
0
0
0
0
0
0
0
0
0
0
0
0
0
0
1
0
0
0
0
0
0
0
0
3,8,3
0
76,76,76
0
0
0
0
85,85,85,85,85
0
0
0
0
0
0
0
0
0
0
18
0
0
0
0
0
0
0
0
0
0
0
0
0
0
0
0
0
0
7,7
0
0
0
0
0
0
0
0
0
0
0
0
0
0
0
0
0
0
0
0
0
0
0
0
0
0
0
0
8,8
0
0
0
1,1
38
0
0
0
0
0
0
0
0
0
0
0
0
0
0
0
1
1
0
0
0
64,64,64,64,64,64,64,64,64,64
0
82
0
77,77,77
0
0
0
0
0
7
0
1
0
0
0
0
0
1
0
0
0
62,62,62,62,62,62
0
0
0
0
0
1,1
0
1
0
0
0
0
0
0
0
0
3
1,1
0
0
0
0
0
0
0
0
0
0
0
0
0
8,3
0
0
0
0
0
0
0
0
0
0
0
0
85
0
0
0
0
0
0
0
0
0
0
38,38,38,38,38,38,38,38
0
8
0
0
0
0
0
0
0
0
0
0
0
0
0
0
0
0
0
0
0
0
0
0
1,1,1,1,1
1,1,1,41,1
0
0
0
0
0
0
0
0
0
0
0
0
73
0
8
32,1,32,1
0
8,8,8,8,8,3,8
0
0
3,3,3,3,3
0
0
0
0
0
0
0
0
0
0
0
0
0
0
0
1,1
0
0
0
0
0
0
0
1
0
0
0
0
0
0
0
0
0
0
0
0
0
64,64,64
0
0
8
0
3,3,3
0
0
0
0
0
0
16,16
0
0
0
0
0
0
0
3,3,3,3,3
0
0
0
0
0
0
1,1
0
0
1,1,1,1,1,1,1,1
0
0
0
0
0
0
0
0
0
0
0
0
0
0
0
0
62,62,62,62
0
0
0
0
0
0
1,1,1,1
0
0
0
0
0
28
0
1,84
1
0
0
0
0
0
0
0
0
0
0
0
0
0
0
0
0
0
0
0
1,1
1,1
0
1,1
0
1
0
1
0
1,1,1
0
0
0
0
0
0
0
0
0
1,1
0
0
0
0
0
0
0
1
0
0
0
0
0
0
0
0
0
0
0
0
0
0
0
0
0
0
0
1
85,85,63,85
0
0
0
0
3
0
0
0
0
0
0
0
85
0
0
0
16
0
3
0
0
0
0
0
0
0
0
0
0
0
0
0
0
0
0
1
51
0
0
0
0
0
0
0
1
0
0
0
0
1,1,1
1,1,1
0
0
0
0
0
0
0
0
0
0
0
0
0
0
0
0
0
0
0
0
0
1
0
0
0
0
0
0
0
16
0
0
0
0
0
0
8
6
0
0
0
0
0
0
0
0
0
3,3,1,3,3,3
0
0
0
0
0
0
0
0
0
0
0
1
0
0
16,16
0
0
0
0
0
0
0
1,1,1,1
1
0
0
8
3,3,3,3,3,3,3,3,3
0
0
0
0
0
0
0
85
0
0
0
0
0
86,86,86,86,86
9
0
0
0
0
0
0
0
0
86
0
0
0
0
0
0
6
0
0
0
0
0
0
0
85,85
0
0
0
3
0
1,1
0
0
0
0
85,85
86
0
1
3
0
0
85,85
0
0
0
0
0
0
0
1
0
1,1
0
0
0
0
0
0
0
0
0
0
0
0
0
0
0
0
0
8
0
0
0
8
0
0
0
0
0
0
0
0
0
0
0
0
0
0
0
0
0
0
0
0
0
0
1,1
1,1,1
1,1
0
0
0
85,85,85
0
0
0
0
0
0
0
0
0
88
1
1,1,1,1
0
1,1
0
3
0
0
0
51,51,67,51
0
0
3,3
0
0
0
0
0
0
0
0
0
0
0
0
0
0
0
0
0
0
0
0
0
0
0
0
0
0
0
0
0
1,1
0
0
86
0
0
0
0
0
28,28,28
0
0
0
0
0
0
8
0
9
0
0
16
0
0
0
0
1,1,1,1
0
0
0
0
0
1,1
0
0
0
0
0
0
1,1,1,1,1
0
53,53,53
0
0
0
0
0
0
0
0
0
3,3
0
0
0
0
0
0
0
0
0
0
0
0
0
1,1
0
0
0
0
0
0
0
3
0
0
16,16
0
0
0
0
0
0
0
0
0
0
0
0
0
0
0
0
0
0
0
0
0
0
0
0
0
0
1,1,1,1
0
0
0
0
0
0
0
0
0
0
0
0
0
9
0
0
0
0
0
0
0
0
0
9,9
0
0
0
0
0
0
0
0
0
0
0
0
0
0
0
0
0
0
0
0
0
0
0
0
0
0
0
0
0
0
0
0
0
0
0
0
1,1,4
0
0
0
0
0
1
1,1,1,1
0
0
3
0
0
51
0
0
0
0
0
0
0
0
0
0
0
0
0
0
0
0
0
1,1,1,1,1
0
0
0
0
0
0
0
0
0
0
0
0
0
0
0
0
0
2,2
0
0
0
1,1
0
0
0
0
0
0
0
0
0
0
8
0
0
0
1,1
1,1,1
0
0
0
0
1,32,1
0
0
0
0
0
0
0
1,1
0
0
0
0
0
72
0
0
0
0
0
8
0
18
0
0
0
8
1
0
0
0
0
0
0
0
0
0
0
0
0
3
0
0
0
1,1,1,1,4,1
0
0
0
0
5
9
1
0
0
0
0
0
0
0
0
0
0
0
0
0
0
0
0
0
0
0
0
0
0
0
0
0
0
0
1,1,1,1,1,1
0
0
0
0
0
64,1,1
0
0
5
0
0
0
1,32,1,1
0
0
0
0
0
0
0
0
0
0
0
0
0
0
0
0
0
0
0
0
0
0
1
0
28
0
0
0
0
86
0
0
1,1,1,1,1
0
0
1
0
0
0
1
1
1,1,1,1,1,1,1
0
0
0
1,1,1
0
0
0
0
0
0
0
0
0
0
0
9,9,9
0
0
44
1,1,1
0
1
0
0
0
0
0
0
0
0
0
0
0
0
0
0
0
0
0
0
0
0
0
1
0
0
32,32,32
0
0
0
0
0
0
1,1
0
1,1
1
0
0
16
0
0
0
0
64
0
0
0
24,24,24
0
0
0
0
0
16,16,16
3
0
0
0
8,8
0
44,44,44,44,44,44,44
0
0
0
3
0
0
0
0
0
0
0
0
0
0
0
0
64,64
0
0
0
0
0
0
0
0
0
0
0
3
0
0
0
0
0
0
0
0
0
0
0
0
0
1,1,1,1
0
0
0
0
1,1,1
0
0
9
0
16
62,62,1,1
0
0
1
1
1,1,1
0
0
0
0
5
0
0
0
0
0
0
0
0
0
0
0
0
0
0
0
0
0
0
0
0
0
0
0
0
0
0
0
0
0
0
0
0
1
0
0
1,1
0
0
0
0
0
0
0
0
0
0
0
0
0
1,32
0
1,1
0
0
0
0
0
0
9,9
0
0
0
0
0
64
0
0
0
0
0
3
0
1,1,1
0
0
0
0
0
0
0
0
9
1,1,1,1,1
0
0
0
0
0
0
0
0
0
0
0
0
0
0
0
0
0
0
0
0
0
0
3,3
0
0
0
0
0
0
4,4
0
0
0
0
0
1,1,1,1
0
0
0
0
64
0
0
0
0
0
1,1,1
1,1,1,1,1
0
0
0
1,1
0
0
0
0
8,8,8,6
0
0
5
0
3
0
0
0
1,1,1,1,1,1,1,1,1,1
10,10
64
0
0
0
0
0
0
0
0
0
0
0
0
3
0
0
0
0
0
0
0
0
0
0
0
0
1,1,1
0
0
0
0
3,3,3
73
0
0
0
8
0
0
0
0
0
0
0
3
0
58,58,58,58
0
1,1
0
0
0
0
0
0
0
1
0
0
3
0
0
0
0
4
0
1
0
0
0
0
0
0
0
0
0
3
44
0
1,1
0
0
0
0
0
1
0
0
0
0
0
38
0
0
3
0
0
0
0
0
0
0
1,1,1,1,1,1
0
1,1,1,1,1,1
1,1
0
0
86
0
0
85,85
0
0
0
0
0
0
0
0
0
38,38,38
0
0
0
1,1,1,1
1
0
0
0
1,1
0
0
0
0
0
0
0
0
0
9
1,1,1
0
0
0
0
0
1,1,73,1
0
0
0
0
0
0
0
0
1,1
0
3
0
1
0
0
8,8,8,8,8,8
0
0
0
0
0
1,1,1,1,1,1
0
0
0
0
0
0
0
0
0
0
0
0
0
0
0
10,10,10,10,10,10,10,10,10,10,10,10,10
0
0
0
0
0
0
0
1,1
0
0
0
0
0
0
0
0
0
0
0
0
51,51,51,51,51,51,51,51,51,51,51,51,51,51,51,51,51,51,51,51,51,51
0
0
0
0
0
0
0
0
0
0
0
0
1
0
0
1
0
0
1
0
0
84,84,84,84,84,84
0
0
0
0
0
0
0
0
1
0
0
0
0
28,3
0
1,1,1
0
0
9
0
0
0
0
0
1
0
0
0
0
0
0
0
1
0
0
1,1
0
0
0
0
28,28,28,28
0
0
0
0
0
0
0
0
0
0
0
0
0
0
0
0
0
0
0
0
0
0
86
0
0
0
0
0
0
0
0
0
73
0
3
0
0
3,3
0
1,1,1,1
0
0
0
0
0
0
0
0
0
44,44,73,73
0
0
0
0
0
0
0
0
0
0
0
0
0
0
1,1
0
0
0
0
0
1,1
0
0
0
1
0
0
0
0
0
0
9,9
0
0
0
0
0
0
86,86
0
0
0
0
0
0
0
1,1,1,1,1,1,1,1
0
0
1,1,1,1,1,1,1,1
0
0
0
0
1
0
0
0
0
0
0
0
0
0
0
0
3
0
0
0
0
0
0
0
0
0
0
0
0
0
0
0
0
0
1,1
0
1,32
0
16,16,16,16
0
0
0
0
0
0
0
0
0
0
0
0
0
0
0
0
0
0
6
0
1,1
0
1,1,1,1,1,1
0
0
0
0
0
0
0
86
0
0
1
0
0
1
0
53
0
0
0
0
0
1,1
3,3
32,1,32
0
1,1,1,1
85,85
0
0
0
0
0
0
0
1,27,1
0
0
8
0
0
0
0
0
0
0
0
3
0
0
1
0
0
0
0
0
0
0
86,86,86
0
1,1,1
0
0
0
0
0
46
0
0
0
0
0
0
0
0
0
0
0
0
0
0
0
0
0
0
0
0
0
0
0
0
0
0
0
0
0
0
0
0
0
1
0
0
0
0
0
0
0
0
0
28,28,28,28,28,28
1
0
0
0
44,44,44,44
0
0
0
0
0
0
0
0
0
0
0
0
0
0
0
0
0
0
0
0
0
8
0
0
0
0
0
0
0
0
0
0
0
0
0
32,1,32,1,32
0
1
0
21
1
0
1,1,1
0
0
0
0
0
0
0
0
1,1,1,1,1
0
0
0
0
0
9
1
72
15
0
84
0
0
0
0
0
0
0
1,1,4
1
1,1,1,1,1,1,1,1
0
0
0
0
0
0
0
0
0
0
0
0
0
0
0
0
0
0
0
0
0
0
0
0
0
0
0
0
0
0
0
0
0
0
0
0
0
0
0
0
0
0
0
0
0
0
0
0
0
0
0
0
0
0
0
0
0
0
0
0
0
0
0
1,1
0
1
51,51,51,51,51,51,51,51,51,51,51,51,51,51,51,51,51,51,51,51,51,51,51,51
0
0
0
0
0
0
0
0
0
1,1,8
0
0
0
1,1
56
9
0
0
0
0
0
0
0
0
0
3
7,7
0
1,1
0
0
0
1
0
1
0
0
0
0
0
0
0
0
0
0
0
0
0
0
0
0
0
0
0
0
1,1
0
0
0
0
0
0
0
0
0
0
0
0
0
0
0
0
0
0
0
0
0
0
0
0
0
0
0
0
0
0
0
0
0
0
0
0
4
0
0
0
8
0
1,32,32,1,32,32,32,1,1,1,32,1,32,32,32,1,1,1
0
1
1,1,1,1,1,1,1,1,1,1,1,1,1,1,1
0
0
0
0
0
0
0
0
0
0
0
0
44,1,44
0
0
0
0
0
1
0
0
0
47,47,44,44
0
1,1,1,1,1
0
0
0
0
0
0
0
0
1,1
0
1
0
0
0
0
0
0
0
0
0
0
0
0
0
0
0
0
0
0
0
1,1,1,1,1
0
0
0
0
0
0
0
1,1,1
0
0
0
0
0
1,1,1,1,1,1,1,1
1,1,1
3
0
0
3
0
0
0
2,1
0
1
0
0
0
1
0
0
1,1
0
0
0
0
1
0
0
0
0
0
0
0
0
0
1
0
0
32,1,1,32
0
0
0
1,1
16,16
0
0
0
0
0
0
0
0
0
0
0
0
0
85
0
10,10,10,10,10
0
0
0
0
0
0
0
0
0
0
3
0
0
0
0
0
64
0
0
0
0
0
0
0
0
16
0
0
0
0
0
0
0
0
0
0
0
0
17
0
0
0
0
0
0
0
0
0
0
0
1
0
6
0
0
3
0
0
0
0
0
0
0
0
0
0
0
0
0
0
1
0
0
0
0
0
0
0
0
0
0
0
1,1,1
0
0
1
0
1
0
0
0
0
0
0
3
0
1
0
1,3
0
0
0
0
1,1
0
0
0
0
0
0
3,3
0
0
64
0
0
0
0
0
0
0
28,28
0
0
0
0
0
0
0
0
0
0
1
0
0
0
16,16
0
0
0
0
0
0
0
0
0
0
0
0
18
1
0
1,1
0
0
0
0
0
10,10,10,8,10,10,10
0
0
0
6
64,64,64,64
1
0
1
0
0
0
0
0
0
0
0
0
0
0
0
0
0
0
0
0
0
0
0
31,1
0
85,85,85
0
15
0
0
0
0
0
0
0
0
20,20,20,20
3,3,3
0
0
0
0
0
0
1,1
0
1,1,1,1,1
0
0
0
0
85
0
0
0
0
1
0
0
0
0
0
0
0
0
0
0
0
0
16
0
1,1,1
0
0
6,6
86,86
0
0
0
0
0
0
0
0
0
0
0
0
0
0
0
0
0
0
28,28,28,28,28,28,28,28,28,28,28,28,28,28,28,28,28,28
0
1,1
0
1
0
1
0
0
0
0
0
0
0
0
0
0
0
0
0
1,1
0
1
0
0
0
0
0
16
0
0
86
1
0
0
1,1,1,1
1
0
0
0
1
0
0
0
64,64,64
5,5
0
0
0
0
0
0
28
0
0
0
0
0
0
0
0
0
0
0
0
0
0
0
1
8
0
0
0
0
0
0
0
0
0
0
1,1
18
0
0
0
0
64,64,64,64
0
0
0
0
0
0
0
3,3
0
0
0
0
0
0
0
0
0
0
0
0
0
0
0
0
0
0
0
0
8
0
0
0
0
0
0
0
0
0
0
0
0
0
15
0
0
1
0
89
1
0
0
1,1,1,1,1,1,1,1
0
0
0
0
0
89,89,89,89,89,89,89,89,89
0
0
0
0
0
0
0
0
0
0
0
0
0
0
0
1
0
0
0
0
0
0
0
0
0
0
0
0
0
0
0
0
0
0
0
0
0
0
0
0
0
0
0
0
0
0
0
0
0
0
0
0
8
0
0
0
0
0
0
0
0
0
64,64,64
1,1,1,1,1,1,1
3
0
1
0
0
0
1
0
0
0
0
3
0
0
0
0
16,16,16
0
0
0
64,64,64,64,64,64,64,64
0
0
0
0
0
85
1,1
0
0
0
0
46,46,46,46
0
0
16,16
0
0
0
0
1
1,35,1,1,1,1,1,1,1,1,1,1
0
0
0
0
0
0
0
0
0
7
0
0
0
1,1
0
0
0
0
0
0
0
0
0
0
0
0
0
0
7
0
0
0
0
0
0
0
1,1,1,1,1,1
0
28,28,28
0
0
0
0
0
18
0
0
0
0
0
0
0
0
0
1,1,1,1,1,1,1,1,1,1,1,1,1,1,1,1
0
0
0
0
0
1
0
0
0
0
0
0
0
0
0
0
0
0
0
0
6
0
0
0
0
0
0
60
0
0
0
0
0
0
0
1,1,1
0
0
0
47
0
0
0
0
0
0
0
0
47,47,47
0
0
0
0
0
0
0
0
0
0
0
8
0
0
0
0
0
0
0
1,1
0
7
0
0
0
0
0
0
0
0
0
0
0
0
0
0
0
0
0
0
0
0
0
0
0
6
85,85,85,85
0
0
0
0
0
0
0
0
0
0
0
47
0
0
0
0
0
0
0
0
0
47,47
0
9
0
0
0
0
0
0
0
0
0
0
0
1
0
0
0
0
9
0
0
0
0
0
0
0
0
0
2
0
0
0
0
0
1,1,1,1,1,1,1,1
0
0
0
0
1
0
0
0
0
0
0
0
0
1,1
0
16
0
0
0
0
0
0
0
0
1,62,1,62,62
0
0
0
0
0
1,1
0
0
0
0
1,1,1
0
0
0
0
1
0
0
0
0
0
0
0
0
0
0
0
0
0
0
0
0
0
0
0
0
0
0
0
0
0
0
0
0
0
0
0
0
0
1,1,1,1,1,1,1,1,1,1,1,1
0
0
0
0
0
0
0
0
0
0
0
0
1,1,1,1
3
17
1,1,1,1,1,1,1,1,1
0
0
0
86,86
0
0
0
0
3,3,3,3
0
0
85,85,85,85,85,85
0
0
0
1,1,1
0
0
0
60,60,60,60,60,60
0
0
0
9
1,1,1
0
0
0
0
0
1
0
0
7
0
0
1,1,1,1
0
0
0
0
0
0
1
0
0
0
0
0
1,1,1
1,1
0
3,3,3,3
0
0
0
0
0
0
0
0
0
40,1,40,1
0
0
0
0
0
0
0
0
0
0
0
0
0
0
0
0
0
0
51
32
0
0
0
0
6
64,64,64
0
3
1
0
19,1,1,1,1,1,1,1,1,1
0
0
0
6
0
8,8,8
0
0
0
0
0
0
0
0
0
0
0
0
0
0
0
0
0
0
1,1,1,1,1,1
0
0
0
0
0
0
0
0
0
0
0
0
0
0
0
0
0
0
0
0
1
0
20,20,20,20,20,20,20,20,20,20,20,20,20,20,20,20,20,20,20
0
0
0
0
0
1
16,16
0
0
0
0
0
0
0
0
0
0
0
0
0
0
0
0
9,1,1,1
0
0
0
0
0
0
0
0
0
0
0
0
1,1,1
0
0
0
0
0
0
0
0
3,3
32,32,32
0
9
1,1
0
0
0
0
0
0
0
0
0
0
0
0
0
1,1,1,1,1
64
0
0
0
3
0
0
1,1
0
0
0
1,1,1,1,1,1,1
0
0
0
0
28
0
0
0
0
21,21
0
0
44,44
3
0
0
0
0
0
0
0
0
0
1,1
4
0
15
0
0
0
0
0
3,3
0
0
0
0
0
0
0
0
9,9
0
0
1
38,1
0
0
0
0
0
0
0
0
0
0
0
0
0
0
0
0
0
0
0
0
0
0
0
0
38,38,38,38
0
1,1,1,1
0
0
0
0
0
0
1,1,1
0
0
0
1,1
0
0
0
0
1,1
0
3
0
0
1
0
0
0
0
0
0
0
0
0
0
0
0
0
0
0
0
0
0
0
1,1,1,1,1,1,1,1,1,1,1,1,1,1
0
3,3,3,3
0
0
0
0
0
0
0
3,3,1
0
0
0
0
0
0
70
0
16
0
0
0
0
1,1
0
1,1
85,85
0
0
1
0
3,1,1,3,1,1,1
0
0
0
0
0
8,8
85,85
0
0
0
0
0
0
1,1,1
0
0
0
0
0
1
0
0
0
0
0
1
0
1,1,1,1,1,1,1,1,1
0
1,1
0
0
0
0
0
0
0
0
1,1
8
0
0
0
0
1,1,1,1,6,6,6,6
11,11,11,15,15
0
0
0
0
0
0
0
0
0
0
0
0
0
0
0
0
0
0
0
0
0
0
0
0
0
0
0
0
0
0
0
0
0
0
0
0
0
1,1,1
0
28,28,28,28,28,28,28,28,28,28,28,28,28,28,28,28,28,28,28,28,28,28,28,28,28,28,28,28,28,28,28,28,28,28,28
0
0
0
0
0
1,1,1,1,1,1
86,86,86
3,3,3,3
0
0
0
0
0
0
0
0
1,1,1
0
0
0
0
16,16,16
0
0
0
0
0
0
0
21
0
0
0
0
0
0
0
13,13,13,13,13,13
0
0
0
0
0
0
3,3
1,1,1,1,1,1,1,1,1,1
85,85,85
0
51,51
0
0
0
0
0
1,1
0
0
0
0
0
0
0
0
0
0
0
0
0
0
5
0
0
0
0
0
0
0
0
0
0
0
0
0
1
0
0
0
0
1,1
0
0
0
0
0
0
0
0
0
0
0
0
3,3
0
0
0
0
0
1,1,1,1,44
0
0
0
0
0
0
0
0
0
0
0
0
9,9
0
0
0
4
0
0
0
0
0
1,1,1
0
0
16,16,16,16,16
0
8,8
0
0
0
0
0
0
0
0
0
0
0
0
0
0
0
0
0
1,1,1,1,1,1,1
0
0
0
0
0
0
0
0
0
0
0
0
1
0
1
0
0
1,1
0
0
0
0
0
1,1,1,1,1,1
0
0
0
0
0
0
0
0
1,1,1,1,1,1,1,1,1,1,1,1
0
0
0
0
0
0
0
0
0
0
0
0
0
1,44
0
0
0
0
0
0
0
0
0
64,64,64
0
0
0
0
0
0
0
1,1,1
1
0
0
0
0
0
0
0
0
0
0
1,1,1,1
0
8,8
0
0
0
0
0
0
0
32,1
44
0
1,1
0
0
28
0
0
0
0
0
0
86
0
0
0
0
0
0
0
0
0
15
0
0
64
0
0
0
9
0
0
0
0
0
0
0
0
0
0
0
0
0
0
1,1,1,1,1,1,62
0
0
0
0
0
0
0
0
0
0
0
0
0
0
0
20
0
0
0
0
0
0
0
0
0
0
1,1,1,1,1,1
0
0
0
0
10
0
9,9
0
0
0
0
0
0
0
0
0
0
0
0
4
0
0
0
0
0
0
0
0
0
0
0
0
0
0
0
0
1
0
0
0
0
0
0
0
0
0
0
51,51,51,51
0
0
0
0
0
0
0
0
17
0
0
0
0
16
0
0
1
0
0
0
0
0
0
0
0
0
0
0
0
86,86
0
0
0
0
0
0
0
0
0
0
0
1,1
0
0
16
0
0
0
0
0
1,1,1,1
0
0
1,1,1
0
0
0
0
0
0
1,1,1,1,1,1,1,1
0
0
0
16
0
0
0
0
0
1,1,1
16,16,16,16
38,38,38,38,38
0
0
0
0
0
0
0
0
0
0
0
0
0
1,77
3
0
0
0
0
0
0
0
0
0
0
0
0
0
0
0
0
3,3
0
0
0
0
0
0
0
0
0
0
0
0
0
0
0
0
5
9
0
0
0
1,1,1,1,1
0
1
0
0
22
0
0
3
1,1
0
0
0
1,1,1
0
0
16,16,16
0
0
0
0
16
0
0
1,1,1,1
0
0
1,1
0
0
0
0
0
0
0
7
0
0
0
0
0
0
16
0
0
0
0
64
0
0
0
0
0
1
1,1
0
0
0
0
0
8,8
1
0
0
0
0
0
0
0
0
0
0
0
0
0
0
0
0
0
0
0
86
0
8,8
0
0
0
0
0
0
0
0
0
0
0
0
0
0
0
1,1,1
0
0
0
0
0
0
0
0
0
0
32,1,32,32
1
0
0
28,1,28,28,28,1,28,28
1,1
0
0
0
0
0
0
0
0
0
0
6
0
3,6
0
33,1
0
0
0
1,1
0
0
0
0
0
0
1
0
0
0
0
0
0
0
0
0
0
0
0
0
0
0
0
0
0
1,1
0
0
0
0
0
0
0
0
0
0
1,1,1,1
0
0
0
0
0
0
3,3,3,3
1,1,1,1
0
0
0
0
0
0
0
0
0
0
0
0
0
1,1
0
0
0
0
0
0
0
0
0
0
1
0
1,1,1
0
0
0
0
8
1
6,6,6,6,6
0
1,1,1,1,1
0
0
0
0
0
0
0
1
0
0
0
0
0
1,1,1,1,1,1
0
0
0
0
0
0
0
0
0
16
0
0
0
0
0
0
0
0
0
0
0
23,23,23
0
0
0
0
0
0
0
0
0
0
8
0
1
0
0
0
3,3
0
0
0
0
0
21
0
0
0
0
0
0
0
0
0
0
1
0
3,3
0
0
1
1,1
0
0
0
0
0
0
0
0
0
0
0
0
0
0
0
0
0
0
1
0
1
85,85
0
0
0
0
1,1,1
77,77
0
0
0
0
0
0
0
0
0
0
85,85
85
0
0
0
0
0
0
0
0
1,1
0
0
0
0
1
0
0
0
0
0
0
0
0
0
0
0
0
0
1
0
0
0
0
0
0
0
0
1,1
44,44,44
0
64,64
0
0
0
0
0
0
0
0
0
0
0
0
0
0
0
0
0
0
1
0
1
0
0
0
0
0
0
0
0
0
0
0
0
1,1,1
0
0
0
0
0
0
8
0
1
0
0
0
0
0
0
1,1,1,1,1,1,1,1
0
0
0
0
0
0
22
64,64,64,64,64,64
1,1,1,1,1
85,85,85
0
0
0
0
0
0
0
0
0
0
73
0
0
0
0
0
0
1,1,1
4,4
0
0
1
0
0
0
0
0
0
0
0
0
0
0
0
0
0
0
0
0
0
0
0
0
0
0
0
0
0
0
1,1
0
0
0
0
0
0
0
0
0
0
0
0
19,19
0
0
0
0
0
0
0
0
0
0
0
0
6
0
0
0
0
0
0
0
9
1,1,1,1,1
0
0
0
0
0
0
0
0
2,1
0
0
0
0
0
0
4
0
3
0
0
0
0
0
0
0
0
0
5
0
0
0
0
1
0
0
28,28,28,1,28,1,28,1,1,28,28,28,28,28,1,28,28,28,28,28,28,28,28,28,28,1,28,1,28,1,28
0
0
0
8
0
0
0
0
0
0
0
0
0
0
0
0
64
0
0
0
0
0
0
0
0
0
1,1,1,1
0
0
0
0
28
0
0
0
0
0
0
0
0
0
0
0
4,4,4,4,4
16
0
0
0
1
0
0
0
0
0
0
0
0
0
1,1
0
0
0
0
0
0
0
0
0
0
0
0
0
0
0
0
0
0
1,1,1
0
0
0
0
0
0
0
0
0
0
15
0
0
0
0
0
0
0
0
0
0
0
0
3
0
0
0
0
0
0
0
0
0
0
0
0
0
0
0
6
1
1
1
0
0
0
0
0
0
0
0
0
0
0
1,1
0
0
0
16
1
23,23
0
0
0
0
0
0
0
0
0
64,64
0
1,1,1
0
0
0
0
0
0
0
0
0
0
0
1
0
0
1,1,1
0
0
0
0
1
0
0
6
0
0
0
0
0
0
47
0
0
0
0
1,1
0
0
0
0
0
64
0
0
3
0
1,1,1
0
0
0
0
15
0
0
0
0
0
0
0
2
0
0
0
0
0
0
6
0
0
1
0
0
0
1
0
0
0
0
0
0
0
0
0
0
0
0
0
0
0
0
0
0
0
0
0
0
0
0
0
0
0
0
0
18
0
0
0
0
0
0
0
0
8
0
9,9
0
0
0
0
0
1,1
1
0
0
0
0
0
0
0
0
0
0
0
0
0
0
0
0
1,1
0
0
0
0
85,85,85
0
0
0
0
0
0
0
0
0
0
0
0
0
0
0
0
0
0
0
0
85,85
0
0
86
8,8,8,8,8,8,8,8
64
0
0
0
0
0
85,85,85
0
0
0
0
0
0
0
0
0
0
0
0
0
0
0
0
9
0
0
0
0
0
0
0
0
0
0
0
0
0
0
0
8
0
0
0
0
0
0
0
0
0
3,3
0
15
0
0
0
0
0
0
0
0
0
0
0
0
0
0
0
1,1,1
1,1,1
0
0
0
16,16,16
0
0
0
0
0
0
0
0
0
0
0
0
0
0
0
0
0
0
0
0
1,1,1,1
0
0
0
0
0
86
0
0
0
64
0
0
0
0
0
0
0
0
0
3
0
3
0
0
0
0
0
0
1
0
0
0
0
3
0
0
6
0
0
0
0
1
0
0
1
5
0
85,85,85
0
0
0
0
46,46,46,46,46
0
1,39,1,1
0
0
0
0
0
0
0
0
0
0
1,1,1
0
0
0
1,1
0
0
0
0
0
0
0
0
0
0
0
32,32,1,1
1,1
21,21,21,21
0
0
0
0
0
0
0
0
0
0
0
0
0
0
0
8
0
0
0
0
0
0
0
0
0
1
0
0
0
0
6
1,1,1
0
0
0
1,1,1
0
0
0
0
0
86
0
0
0
0
0
0
0
1
86
0
0
0
9
0
0
0
64
0
0
0
21,21,21
0
0
0
0
0
0
0
0
0
9
0
0
0
0
1,1,1,1
8
0
0
0
0
0
0
0
0
0
1,1,1
0
0
19
0
0
0
0
0
0
0
1,1,1
0
0
0
0
44
0
0
0
0
0
0
0
0
0
0
0
0
1
0
0
0
0
0
0
7
0
0
0
1,1
64
0
0
0
0
0
0
0
0
0
0
0
0
0
0
0
0
0
0
0
0
0
0
0
0
0
0
0
0
0
0
0
1
0
0
0
0
0
0
0
0
0
0
0
0
1,1,1,1
0
0
0
0
0
9
0
0
9,9,9
28,28,28,28,28,28
0
0
0
0
0
0
0
0
0
0
86,86
0
0
0
0
0
3,3
0
0
0
0
0
0
86
0
0
64
0
0
0
0
0
0
0
0
0
0
0
1,1,1
0
0
0
44,44,44,44
0
0
0
0
0
1,1,1,1,1,1,1,1
0
8
0
0
0
0
0
88,88,88
0
0
0
0
0
0
1,1
85,85
0
0
0
0
0
0
0
0
0
0
0
0
0
0
0
0
0
0
3
0
3,3,3,3,3,3,3,3,3,3,3
0
0
0
0
0
0
0
1,1
0
0
0
0
0
85,85,85,85
0
0
0
0
0
0
27,1,27,1,1,27,1,1,27,27,1,27,1,1,27,1,27,27,1,27,27,1,27,1,27,27,1
8
0
0
0
0
0
3
0
0
0
0
0
1
0
0
0
0
0
6,6
0
1
0
1,8,8
0
19,1,1
0
3
0
0
86
0
0
0
1
0
0
0
0
0
0
44
8,8
0
0
0
0
0
0
0
3
0
0
1
0
1
0
0
0
0
0
0
0
0
0
0
0
0
1
1,1
0
0
0
0
0
0
15,15
1
0
0
0
0
1,1,1,67,67
0
0
0
1
0
0
0
0
1
0
1,1,1,1
0
4,4
0
1,1
11
1,1
0
0
9,9
0
0
0
0
0
16
0
18
0
0
1,1,1
0
0
0
0
1,1
1
64,64,64,64,64,64
0
0
0
0
0
0
28,28,28,28,1,28,1,28,28,28,1,28,28,28,1,28,28,1,28,1
0
0
0
0
0
0
0
0
0
0
0
0
0
0
0
0
0
0
0
0
0
0
0
1,1,1,1
0
0
0
0
0
0
0
1,1
0
0
0
0
0
0
0
0
0
0
0
0
0
0
0
1
0
1
0
0
0
0
2,1
0
0
0
0
0
1
0
0
0
0
0
0
0
0
0
0
31,1
0
0
0
0
9,9,9,9
0
0
0
0
0
0
0
0
0
0
1,1
28,28,28,28,28,28,28,28,28,28,28
0
0
0
0
0
0
1,1,1,1,1,1,1,1,1
0
0
0
1,1,1,1,1
0
4
0
0
0
0
0
0
0
0
1
0
0
0
0
1,1,3,3
0
0
0
0
0
1
0
0
0
0
0
0
1
0
0
0
0
0
0
0
0
0
0
3
0
0
0
0
0
0
0
0
0
0
10,10,10,10
0
0
0
0
0
0
0
0
0
0
0
0
0
61,28,67,28,28
0
1
0
0
0
0
0
0
0
0
0
0
0
0
0
0
0
1,1
0
0
0
0
0
0
0
0
0
0
0
0
0
1
0
0
0
0
1,1
0
0
0
0
0
0
0
0
0
0
0
0
0
0
0
0
0
0
0
1,1,1,1
1
0
0
0
0
0
0
0
0
0
0
0
0
0
3
0
0
0
0
0
0
1,1,1,1,1
0
0
0
16
0
0
0
0
0
0
0
0
0
0
0
0
0
0
0
8,8
0
0
0
0
0
0
0
0
0
0
1,1
0
0
0
0
0
0
0
1,1,1,1
0
0
77
0
0
0
0
0
0
0
0
0
0
0
0
0
0
0
0
0
0
0
0
0
0
0
0
0
0
0
0
0
0
0
0
0
0
0
0
0
0
0
0
0
1,1
0
0
0
0
0
0
0
0
0
16
0
0
0
0
0
3,1,3,1,8,8,8,1,1,3
0
0
0
0
0
1
0
0
0
0
0
64
1,1,1,1,1,1,1,1
0
0
0
1
0
0
0
0
0
0
0
0
0
0
0
0
0
0
0
0
0
0
0
0
0
0
0
0
0
0
0
0
0
1,1,1
0
0
0
0
0
0
0
3,3
0
0
0
1,1
0
0
0
0
0
0
0
0
16
0
44
0
0
3,3,3,3
0
0
0
37,37,1,37,37,1,37,37,37,37,37,1,1,1,37,37
0
0
0
0
0
0
0
1
0
0
0
0
0
0
0
0
0
0
0
0
0
0
0
64,64,64
0
0
0
0
0
0
0
0
0
0
0
0
0
0
0
0
0
0
0
0
1
0
0
0
1
0
0
0
0
0
0
0
0
0
0
0
0
0
0
1
0
0
0
0
1
1,1,1,1,1,1,1,1,1,1
0
0
0
0
0
0
0
0
0
0
0
3
0
0
1,1
51
0
0
0
0
0
0
0
0
0
0
0
0
0
0
1,1,1,1,1,1
6
0
0
0
0
0
0
0
0
1
0
0
0
0
0
0
0
0
0
0
0
1,1,1,1,1
0
0
0
3,13
1,1
0
64,64
1
0
7,7
0
0
0
38,38,38,38
0
0
0
0
0
0
0
0
0
0
0
0
0
0
0
0
0
0
0
1
0
0
0
0
0
0
0
0
0
0
20
0
0
8
0
0
0
0
51,51
0
0
0
0
0
0
0
0
0
0
16
0
0
0
1,1,1
0
0
0
0
73
0
0
0
0
0
0
0
0
0
0
0
0
1
0
0
0
1,1
0
0
0
0
0
0
0
0
0
0
0
0
0
0
1,1
0
0
0
0
0
0
0
0
0
0
0
0
0
0
0
0
0
0
0
0
0
0
0
0
0
0
0
0
0
0
0
0
0
0
0
1,1,1,1,1,1,1,1,1
0
0
0
0
16
86,86
0
0
0
0
1
0
1,1,1,1,1,1,1
0
0
0
0
0
0
0
0
0
0
0
0
0
0
0
0
0
0
0
1,1,1
0
1
0
1,1
6,6,3
0
0
0
0
0
0
0
0
0
0
0
0
0
0
0
0
0
0
1,1,1,1,1
0
0
0
0
0
0
0
0
0
0
0
0
0
0
0
0
0
0
0
0
0
0
0
0
0
0
0
0
0
0
0
0
0
0
0
0
1
0
0
0
0
0
0
1
0
0
0
0
0
0
0
0
0
0
0
0
0
0
0
13
0
1,1,1,1
9
0
0
0
0
0
0
0
0
0
0
0
16
0
0
0
0
0
0
0
0
5
0
1,1
0
0
84
0
0
0
0
0
0
0
0
0
0
0
1
0
0
0
0
0
0
0
0
0
0
0
0
0
0
0
0
0
1,1,1
0
0
61
0
0
0
0
0
0
0
0
0
0
0
0
0
0
3
0
0
1,1,1,1,1,1,1
16
0
47
0
0
0
0
9
0
0
3,3
0
0
0
0
0
0
0
1,1,1,1,1,1,1
0
0
0
0
0
0
0
0
0
1,1,1,1,1
5
0
0
0
0
0
0
0
0
1
1
0
0
0
0
0
0
0
0
0
0
0
0
8
0
0
0
0
0
0
0
0
1
0
0
0
0
0
8,8,8,8,8
16
0
0
0
0
0
0
0
64,86
0
0
0
64
1,1
0
0
0
0
0
0
0
0
0
0
0
0
0
0
0
1
0
0
0
0
0
3,3
0
0
0
0
0
0
0
44,44,44,44
0
0
0
0
0
0
0
0
0
0
0
0
0
0
0
0
0
0
0
0
0
0
0
85,85,85
0
3
0
0
0
0
0
3,3
0
1
1,1,1
0
0
85
0
0
0
0
0
0
1,1,1
0
0
0
1,1,1
0
0
0
0
0
0
0
0
1
56
0
0
0
0
0
0
0
0
0
0
1,1
0
0
0
0
0
0
0
0
0
0
0
0
0
0
0
0
0
0
16
0
0
0
1,85,1
0
38
0
32,32,32,1,32,1,32,1,1,1,1,32,1,1,32,1
90,90
0
0
0
0
0
0
0
0
0
0
0
0
0
0
0
0
0
0
0
0
0
0
0
3
0
0
1,1,1
0
0
0
0
0
0
0
0
0
64
0
0
0
0
0
0
0
1
0
0
1,1
0
0
0
0
0
0
0
0
0
0
1,1,1,1,1,1,1,1,1,1,1,1,1
0
0
1,1
0
0
0
0
0
0
1,1,1,1
0
0
0
0
0
0
0
1,1,1,1,1,1
0
0
0
1
85,85,85,85
0
0
1
0
0
0
0
1,1,1,1,27,1,1,1,1
0
0
0
1,1
0
0
0
0
0
0
0
0
0
0
0
3
0
0
0
0
0
0
1,1,1,1
0
0
0
0
0
0
0
28,28,28,28,28,28,28
0
64,64,64
0
0
0
0
0
10
0
0
1,1
0
0
0
0
0
0
0
0
0
0
0
1,1,1,1,1,1
0
0
0
64,64
0
0
0
0
0
1
0
0
0
0
64
0
0
0
0
1,1
0
0
1,1,1,1,1,1
0
1,1,1
0
0
0
1
0
0
0
0
0
0
0
1,1,1,1,1,1,1,1,1
0
0
0
0
0
0
38,1,1,1
0
0
1
1,1,1
0
0
0
0
0
0
0
0
1
0
0
3,3
0
1
0
1,1,1,1,1,1,1,1,1,1,1,1,1,1,1,1,1
1,1
0
0
0
0
0
0
0
0
0
0
0
0
0
0
0
0
1
1
0
0
0
0
0
0
1
0
0
0
0
0
0
0
0
0
0
9
0
0
1
0
0
0
0
0
0
0
0
1,1
0
0
0
0
0
0
0
0
0
0
0
0
0
0
0
0
0
0
0
0
0
0
0
0
0
0
3,3,3,10,3,3
0
0
0
0
0
0
1,1,1,1,1
53,53,53
0
44,44
0
1
0
0
0
0
0
0
15
0
0
0
0
1
0
0
9
1,1,1,1,1
0
0
0
0
0
0
0
0
0
0
37,37,37,37,37,37,37,37,37
0
1
0
0
1,1
0
0
15
0
1,1,1,1,1,1,1,1,1,1,1,1
0
0
0
0
1
0
0
3
0
3
0
1
0
0
0
0
0
1
0
0
3
3,3
0
0
0
0
0
0
0
0
1
0
0
0
0
0
0
0
0
0
64
0
0
0
0
1,1
0
0
0
0
0
0
0
0
0
0
0
0
22
0
3,3
0
1
0
0
0
0
0
3,3
0
0
0
0
1,1,1,1
0
0
0
64,64,64
0
0
0
0
0
0
0
0
0
0
0
0
0
0
0
0
0
0
0
0
0
0
64,64,1,64,64,64,1,1
0
0
0
0
0
0
86,86
0
0
0
0
0
0
0
0
0
0
0
1,1,1,1
0
0
0
0
0
0
0
0
0
18
0
0
0
0
15
0
0
1,1
0
0
0
0
0
0
0
1,1
8,8
0
6
0
0
0
0
1,1
1,1
0
0
70,70
4
0
64
0
0
0
0
0
0
0
0
0
0
0
0
0
0
0
0
0
0
0
0
0
0
0
0
0
0
3,3,3
0
0
67
19
0
1
0
0
0
5,5
7
0
6
0
1
0
1
0
1
0
0
0
28
20
0
0
0
22,22,22,22,22,22,22,22,22
0
0
0
0
0
0
1,1
0
0
0
0
0
0
0
0
0
0
1
0
0
0
0
0
0
0
0
0
1
0
0
75,75,75,75
0
8
0
1,6
0
0
19,19
0
0
0
0
0
0
0
0
44,44
0
0
0
0
0
0
3,10,3,3
0
1
0
0
0
1,1,1,67,1
0
0
0
0
0
0
0
0
0
0
0
0
0
0
0
0
0
0
0
0
0
0
0
0
8
0
0
0
1
0
0
0
0
0
0
0
0
2
0
0
0
0
0
0
0
1,1,1
0
0
0
0
0
0
0
0
0
77,77
0
0
0
0
0
0
9,9,9,9,9,9,9,9,9,9,9,9,9
0
0
1,1
0
0
0
0
0
0
0
0
0
0
0
0
8,8,8
0
0
0
0
0
0
0
0
7,7
1
0
0
0
0
0
0
1
0
0
0
0
0
0
0
0
0
0
0
0
0
0
0
0
0
3,3,3
0
0
1
0
3
0
0
0
0
0
0
0
0
0
0
1,1,1,1,1,3
0
0
0
0
0
0
86
0
0
15
0
0
0
0
0
0
0
0
47,47
0
0
5
0
0
0
0
0
0
0
0
1,1
0
0
0
4
0
0
0
0
3,3
0
0
0
0
1,1,1,1,1,1,1,1
0
1
0
0
1,1,1
0
0
0
0
0
0
0
0
1,1,1
0
0
0
0
0
0
85
0
85
0
0
1,1,1,1,1
0
16,16
0
0
6
0
0
0
0
0
0
86,86
0
0
3
0
0
0
0
0
0
27,1,1
0
0
0
0
0
0
0
0
20,20,20,20,20,20,20,20,20,20,20,20,20,20,20,20,20
0
0
3
0
32
0
0
0
0
0
0
0
0
9,9,9
0
0
0
0
0
0
0
1
0
0
0
1
1,1,1,1
3,3
0
0
0
0
0
16
3
1
0
0
0
86,86
0
0
0
0
0
0
0
0
1
1,1
0
0
0
0
0
0
0
1
0
0
0
0
0
0
0
0
0
0
0
0
0
0
1,1,1,1
0
38,38
0
0
0
0
0
0
0
0
0
1,1,1,1
0
16
0
0
0
0
0
0
0
0
0
0
0
85,85
0
0
0
0
0
0
0
1
0
0
3,8
0
1,1,1,1,1,1
0
0
0
0
0
0
0
0
0
0
0
0
0
0
0
0
0
0
64,64
7
0
0
0
0
0
0
0
0
0
0
0
0
0
1,1,1,1,1,1,1,1
0
0
0
1,1,1
0
0
0
0
0
0
0
0
0
0
0
0
0
1,1,1
0
3
3
0
0
0
0
0
0
0
0
0
82
1
0
0
1
0
0
0
0
0
3,3,3,3
1,1,1
0
0
0
1,1
0
0
0
0
0
0
1
1,1,1,1,15,1,15
0
0
0
0
0
0
0
0
0
0
0
0
0
0
0
0
0
0
1,1,1,1,1,1,1,1,1
0
0
0
0
0
0
0
0
0
9,9
0
9
0
0
0
0
0
0
0
0
0
0
53,53,53
0
0
0
9
0
0
9
0
15
0
0
0
0
1,1
0
85
0
0
0
64
5
0
0
0
1,1,1
0
0
0
1,1,1,32,1
0
0
7
0
1,1
0
0
0
0
0
0
6
0
0
0
0
1
0
0
0
0
0
0
0
86
0
0
1
0
0
1,1
0
0
0
6
0
0
0
0
0
0
0
0
8
0
0
0
0
0
0
0
0
0
1
0
0
0
0
0
0
0
0
0
0
0
0
0
0
0
0
7,7
0
0
0
0
0
0
0
0
0
0
0
0
0
0
0
0
0
0
15,15
0
0
0
0
0
44,44,44,44,44
0
0
0
0
0
0
0
4
0
0
0
0
0
0
0
0
0
0
0
0
0
0
0
0
0
0
0
0
0
44,44,44,44,44,44,44,44,44,44,44
0
0
0
0
0
0
0
0
0
0
0
0
9
0
0
0
0
0
0
0
0
0
0
3
0
0
0
8
0
0
0
0
9,9
0
0
0
0
0
0
0
1,1,1,1,1,1,1
0
0
0
0
0
0
0
0
0
0
0
0
0
0
0
0
0
0
0
0
0
0
0
0
0
0
3
0
0
0
0
0
0
1
0
1,32,1,32,1
0
0
0
0
1
0
51
0
0
0
0
0
0
1,1,1
0
0
0
0
0
1
0
0
0
0
0
0
0
0
0
0
0
0
0
0
0
0
0
0
0
0
0
0
0
0
3
0
1
0
1
0
0
0
0
1,1,1
0
0
1,1,1,1,1
0
37,37,1,37,37,37,37,37,1,37,1,37,37
0
0
0
0
1,1
0
0
0
0
3
0
0
0
0
0
0
0
0
0
2,2,2,2,2,2,1,2,2,1,2,2,2,1,2
0
0
0
0
0
0
0
0
0
0
0
0
18,18
5
1
0
0
0
0
0
0
0
0
0
0
1,1,1,1,1
0
0
0
0
0
0
0
0
1,1
5
0
0
0
0
0
1
9,9
0
0
0
0
0
1
0
0
0
0
0
0
0
0
0
3
0
0
0
1,1,1,1,1,1
0
16
0
0
0
0
0
0
0
0
3
1,1
0
0
1,1
0
0
0
0
0
0
0
0
0
0
0
0
0
0
0
0
20
1,1,1
0
0
0
0
0
0
0
0
0
0
1
0
0
0
0
0
0
0
0
0
0
7
0
3
3,3,3
0
0
0
0
0
0
0
0
0
0
0
1,1
0
0
0
0
0
0
0
0
0
0
0
0
0
0
0
0
3
0
1
0
0
0
16
0
0
0
1
0
0
0
64,64,64
1,1,1,1
0
0
0
0
0
0
0
0
0
85
0
0
0
0
0
0
0
0
0
0
0
0
0
15
0
8
1,1,1
0
0
0
0
16,16
0
38,38,38,38,38,38,38
0
0
1
0
0
0
0
8
0
0
0
0
0
0
0
0
62,62,62
0
0
0
0
0
0
0
0
0
0
1
0
0
0
0
0
0
0
0
0
0
0
0
0
0
0
0
0
0
0
0
0
0
0
0
32
0
1,1,1
0
0
0
0
0
0
0
0
0
0
0
0
0
0
1,32,1,32,1,32
0
0
0
0
0
0
0
1,1,1,1
0
0
0
0
0
0
0
0
0
0
0
0
0
0
7
0
0
0
0
0
0
0
0
0
0
0
0
0
0
0
0
0
3
0
0
0
0
0
0
16,16,16,16
0
0
0
0
0
86,86
77,77,77,77
0
0
0
0
1
0
0
1,1,1,1,1,1,1,1
0
0
0
0
0
0
0
0
0
0
0
0
0
0
0
64
0
0
0
0
0
0
0
3,3,3
1
0
0
0
0
0
0
0
0
0
0
0
0
0
0
0
1
0
3
0
0
0
0
0
6
1,62,1,1,62,1,62
1,31,31,31,31,1,1,1,1,1,31,1,31,1,1
0
0
0
0
0
0
0
0
0
0
0
0
0
0
0
0
0
0
0
0
8
0
0
0
0
0
0
0
0
0
1
0
0
0
0
0
0
0
0
0
0
0
0
0
0
0
0
9,9
0
0
1
0
0
0
0
0
0
0
0
0
0
0
0
0
0
0
0
0
0
0
0
0
0
28
0
0
0
0
0
0
1
0
0
0
0
0
0
0
0
0
1,1
7
0
0
0
0
0
0
0
0
0
0
32,32,32,32,1
0
0
0
0
0
0
0
0
0
21,21,21,21
0
0
0
0
0
0
0
0
0
0
0
0
0
0
0
0
4,4,4,4,4
0
0
0
0
0
0
0
0
0
0
16
0
1
0
16,16
0
0
0
0
0
0
32,1,32
1
0
0
0
0
0
0
0
0
1,1,1,1,1,1
0
0
0
0
0
0
0
0
0
0
0
0
0
0
0
0
0
0
0
0
0
0
0
7
0
0
0
0
0
0
0
0
0
0
0
0
0
0
0
0
0
0
0
0
0
0
0
0
0
0
0
0
1
0
0
0
0
0
0
0
0
0
0
0
0
0
0
0
1
0
0
0
28,28
0
0
0
0
9
0
0
0
0
0
0
0
0
0
0
0
0
0
0
0
0
0
64,64,64,64,64,64,64,64
0
0
1,1,1,1,1,1,1,1,1,1,1,1,1,1,1,1,1,1
0
0
0
0
0
0
1,1,1,1,1,1,1,1,1,1,1
0
0
1
0
0
0
0
0
0
0
0
1
0
0
0
0
0
0
0
0
0
0
1
0
0
0
0
0
0
0
0
0
0
0
0
0
0
1,1,1
1,1,1
0
0
0
0
0
0
0
0
8,8,8,5
0
0
0
0
0
0
0
0
1,1
0
0
0
0
0
0
0
1
0
0
0
0
0
0
0
0
0
0
0
3,3
0
0
0
0
0
0
0
3,8
0
38,38
0
0
1,1
1,1,1
0
0
0
0
0
0
0
0
0
0
0
0
0
0
0
0
0
0
0
18
0
0
75,75,75
0
0
4,4,1,1,1,4,1
0
0
0
0
0
0
0
0
0
0
0
0
0
0
0
0
0
0
0
0
0
0
0
0
0
0
0
0
0
0
0
0
1
0
0
0
0
0
0
0
0
0
0
0
8
0
0
0
0
0
0
0
32,1
0
0
0
0
0
0
85,85,85,85,85,85,85,85,85
0
0
0
0
0
0
0
0
0
16,16,16,16
0
0
0
28
0
0
77,77,77,77,77,77,77,77
0
86,86
0
0
1
0
6
0
0
8
0
0
0
0
3
0
4,4,4,4,4,4
0
1
64,64
1,1,1
0
0
0
0
0
0
0
0
16,16
0
0
7
0
0
0
0
0
0
0
0
0
0
0
0
0
0
0
0
0
0
0
0
0
0
0
1,1,1
0
0
0
10,10
0
0
0
0
0
0
0
3
0
0
0
0
22,22
8
0
6
0
0
0
0
0
0
0
0
0
0
0
0
0
44,44
0
0
0
0
88
0
3
0
0
0
0
0
1
0
0
0
0
0
0
0
0
0
0
0
1
0
0
0
0
47
0
0
1
0
0
0
0
85,85,85,85,85,85,85,85,85,85,85,85,85,85
0
0
0
0
0
0
1,1,1,1
0
1,1,1,1,1
0
0
1
0
9
1,1
28,28,10
0
0
1
0
1,1
0
0
0
0
0
0
0
0
1,1
0
28,28,28,28,28,28
0
9,9,9,9
0
0
0
0
0
1
0
0
0
0
0
32,32,32,32,32,1,32,1
0
0
0
0
0
0
21,21
0
8
0
0
3
1
3
1,1,1
0
0
0
0
0
0
0
38,38,38,3,1,1,1,1,1,38,3,1,3,38,1,1,1,38,38,3,1,38,38
1,1,1
0
0
0
0
0
0
0
0
0
0
0
0
0
0
6
0
0
1,1,1
0
0
0
1,1,1,1,1,1,1,1
0
0
0
0
0
0
0
0
0
0
0
0
51
0
0
0
9
0
0
9,9
64,64,64
0
0
0
0
0
0
0
0
0
1,1
1,3,1,3
0
0
0
0
0
0
0
0
3,3
0
0
0
8,8,8
1
0
0
0
0
0
0
0
1
0
27,27,1,27,1
0
0
0
0
0
0
0
0
0
0
0
0
73
0
0
0
85
0
0
0
1
0
0
0
0
0
32,32,1,32,32,1,1,1,1,1,1,1,1,1,32,1
0
0
0
64
0
0
0
1,1
0
0
0
0
0
0
0
0
1
0
0
0
0
1,1,1,1,1,1
0
0
0
0
0
0
0
0
0
0
0
0
88
0
0
0
0
0
0
0
0
1,1
0
0
0
0
0
0
1,1
0
0
0
0
1,1,1
0
0
0
0
0
0
0
0
0
0
1
0
0
1
0
0
0
1
0
0
0
0
0
0
0
0
0
0
0
15
0
0
0
0
0
0
0
0
0
0
0
0
3,8
3
0
0
1
0
0
0
0
0
0
0
0
0
0
0
0
0
0
0
0
0
0
0
0
10
1,1,1
0
0
0
0
1
0
0
0
0
0
0
1,1,1,1,1
16,16
0
0
0
0
0
0
0
0
9,9,9
54
0
0
0
0
0
16
0
0
0
8
0
0
1,1,1,1
1,1,1
0
0
0
0
0
0
0
0
0
0
0
0
1,1
70
32,1,1
0
0
0
8,8
0
1
0
0
0
0
0
0
0
0
0
28,28,28,28,28,28,28,28
1,1,1
7
0
0
0
0
3,3,3
0
0
0
0
0
0
0
0
0
0
0
0
0
1,1
0
0
0
0
0
9
1
0
0
0
0
85
0
0
0
0
0
1,1,1,1
0
0
0
0
1
0
0
1
0
0
0
9,9,9,9,9
0
0
86
0
0
0
0
1
0
0
8
0
0
9
0
0
0
0
0
0
0
0
0
0
0
0
1
0
0
0
3,3
0
0
0
0
0
0
0
0
0
51,51
0
0
0
0
0
4,4,4
77,77,77,77
9
0
0
0
0
0
0
1
0
0
1
0
0
0
0
0
1,1
0
3,3
0
0
0
0
0
0
0
0
1
0
1,1,1,4,1
0
0
0
0
0
3
0
0
0
0
1
0
0
0
0
0
1,1,1,1,1,1,1,1,1
0
0
0
0
0
0
32,32,1,32,32,1
1,1,1,1,1,1,1,1,1,1,1
3
0
0
0
0
0
0
3,3
0
0
0
0
1
1,1,1,1
0
0
10,10,10
1
0
0
0
3,3
1
0
0
0
0
0
0
0
0
0
86
0
0
0
0
3
0
0
0
0
0
0
0
0
0
5,5
0
0
0
0
0
0
56
0
0
0
0
0
0
0
0
0
0
0
0
0
1
0
6,6
1
0
0
0
0
1
0
0
0
0
0
0
0
0
0
0
0
0
0
0
0
0
0
1,1
0
0
0
1
0
0
0
0
1
0
0
0
0
1
0
0
0
0
0
0
0
0
1,1
1,1,32
0
3
0
0
0
0
0
0
0
0
0
0
0
0
0
0
0
0
0
51
0
1
0
0
0
1
0
0
0
0
4
0
0
0
0
0
0
0
0
0
0
0
0
0
0
0
0
1
0
0
0
0
0
0
0
1
0
0
0
0
0
0
0
0
0
0
3,3
16
0
16
0
0
0
0
0
0
0
0
0
0
1,54
8
0
0
0
0
0
0
0
0
0
1
0
0
0
0
10,1
0
0
0
7,7
0
0
0
0
0
5
2,2,2,2,2,2,2,1,2,2
3
0
0
0
0
0
0
0
0
0
0
0
0
8
0
0
16
0
0
0
1,1
0
0
0
0
0
0
1,1,1
0
0
3
0
3
0
0
32,1
0
0
0
19
0
0
0
0
0
44,44
1
0
0
0
0
0
0
0
0
0
0
0
1
0
0
0
1
0
0
0
0
85,85,85
0
0
0
64,64,64,64,64,64,64,62,64,64,64,64,64
0
0
0
0
0
0
0
0
0
0
7
0
0
0
0
0
22
0
0
0
0
0
0
0
0
3,3,3,3,3
0
0
0
0
0
1,1,1
0
62,62
0
0
0
0
5
64
0
0
0
0
1
1
0
0
0
0
0
0
0
0
0
0
0
0
0
0
0
0
0
0
0
0
0
32,32,32,32
0
0
1,1,1
0
0
0
0
1,1,1,1
9,9,9,9
1,1
21,21
0
0
0
0
0
1,1,1,1
0
0
0
0
28,28,28,28,28,28,1,28,28,28,1,28,28,28,28
0
0
0
0
0
0
0
0
0
0
0
0
0
0
0
0
0
0
0
0
0
0
0
0
1,1,1,1,1,1,1,1,1,1
0
0
0
0
0
0
0
0
0
0
0
0
0
0
0
0
0
0
0
0
0
0
1
0
0
0
0
0
0
0
0
3,3,3,3,3
0
0
0
0
0
0
0
0
0
0
0
0
0
20,20
0
0
0
0
0
0
